2026-09-08 22:38:25,283 - D:\chirag\IR-colorization-BAH2026\output - INFO - Processing product: Mumbai_Summer
2026-09-08 22:38:25,285 - D:\chirag\IR-colorization-BAH2026\output - WARNING - Skipping Mumbai_Summer: Missing required bands.
2026-09-08 22:38:25,286 - D:\chirag\IR-colorization-BAH2026\output - INFO - Dataset generation finished. Samples available in output/patches
2026-09-08 22:38:54,964 - D:\chirag\IR-colorization-BAH2026\output - INFO - Processing product: NewYorkCity_Winter
2026-09-08 22:38:54,967 - D:\chirag\IR-colorization-BAH2026\output - WARNING - Skipping NewYorkCity_Winter: Missing required bands.
2026-09-08 22:38:54,967 - D:\chirag\IR-colorization-BAH2026\output - INFO - Dataset generation finished. Samples available in output/patches
2026-09-08 22:38:57,697 - D:\chirag\IR-colorization-BAH2026\output - INFO - Processing product: Punjab_Growing
2026-09-08 22:38:57,698 - D:\chirag\IR-colorization-BAH2026\output - WARNING - Skipping Punjab_Growing: Missing required bands.
2026-09-08 22:38:57,698 - D:\chirag\IR-colorization-BAH2026\output - INFO - Dataset generation finished. Samples available in output/patches
2026-09-08 23:05:22,644 - D:\chirag\IR-colorization-BAH2026\output - INFO - Processing product: Iowa_Harvest
2026-09-08 23:05:22,645 - D:\chirag\IR-colorization-BAH2026\output - WARNING - Skipping Iowa_Harvest: Missing required bands.
2026-09-08 23:05:22,646 - D:\chirag\IR-colorization-BAH2026\output - INFO - Processing product: Mumbai_Summer
2026-09-08 23:05:22,885 - D:\chirag\IR-colorization-BAH2026\output - INFO - Saved native geo metadata for Mumbai_Summer to D:\chirag\IR-colorization-BAH2026\output\geo\Mumbai_Summer_native_geo.json
2026-09-08 23:05:22,885 - D:\chirag\IR-colorization-BAH2026\output - INFO - Running: python D:\chirag\IR-colorization-BAH2026\scripts\merge_rgb.py D:\chirag\IR-colorization-BAH2026\input\Mumbai_Summer\SR_B4.tif D:\chirag\IR-colorization-BAH2026\input\Mumbai_Summer\SR_B3.tif D:\chirag\IR-colorization-BAH2026\input\Mumbai_Summer\SR_B2.tif D:\chirag\IR-colorization-BAH2026\output\rgb_images\Mumbai_Summer_rgb_30m.tif
2026-09-08 23:05:51,875 - D:\chirag\IR-colorization-BAH2026\output - INFO - Running: python D:\chirag\IR-colorization-BAH2026\scripts\calibrate_tir.py D:\chirag\IR-colorization-BAH2026\input\Mumbai_Summer\ST_B10.tif D:\chirag\IR-colorization-BAH2026\output\calibrated\Mumbai_Summer_tir_kelvin.tif
2026-09-08 23:05:57,416 - D:\chirag\IR-colorization-BAH2026\output - INFO - Running: python D:\chirag\IR-colorization-BAH2026\scripts\downscale_qa.py D:\chirag\IR-colorization-BAH2026\input\Mumbai_Summer\QA_PIXEL.tif D:\chirag\IR-colorization-BAH2026\input\Mumbai_Summer\ST_B10.tif D:\chirag\IR-colorization-BAH2026\output\downscaled_data\Mumbai_Summer_qainvalid_100m.tif 3.33
2026-09-08 23:06:00,583 - D:\chirag\IR-colorization-BAH2026\output - INFO - Running: python D:\chirag\IR-colorization-BAH2026\scripts\downscale_qa.py D:\chirag\IR-colorization-BAH2026\input\Mumbai_Summer\QA_PIXEL.tif D:\chirag\IR-colorization-BAH2026\input\Mumbai_Summer\ST_B10.tif D:\chirag\IR-colorization-BAH2026\output\downscaled_data\Mumbai_Summer_qainvalid_200m.tif 6.67
2026-09-08 23:06:03,442 - D:\chirag\IR-colorization-BAH2026\output - INFO - Running: python D:\chirag\IR-colorization-BAH2026\scripts\downscale.py D:\chirag\IR-colorization-BAH2026\output\rgb_images\Mumbai_Summer_rgb_30m.tif D:\chirag\IR-colorization-BAH2026\output\downscaled_data\Mumbai_Summer_rgb_100m.tif 3.33
2026-09-08 23:06:12,219 - D:\chirag\IR-colorization-BAH2026\output - INFO - Running: python D:\chirag\IR-colorization-BAH2026\scripts\downscale.py D:\chirag\IR-colorization-BAH2026\output\calibrated\Mumbai_Summer_tir_kelvin.tif D:\chirag\IR-colorization-BAH2026\output\downscaled_data\Mumbai_Summer_tir_100m.tif 3.33
2026-09-08 23:06:13,574 - D:\chirag\IR-colorization-BAH2026\output - INFO - Running: python D:\chirag\IR-colorization-BAH2026\scripts\downscale.py D:\chirag\IR-colorization-BAH2026\output\calibrated\Mumbai_Summer_tir_kelvin.tif D:\chirag\IR-colorization-BAH2026\output\downscaled_data\Mumbai_Summer_tir_200m.tif 6.67 --mode psf_thermal
2026-09-08 23:06:16,306 - D:\chirag\IR-colorization-BAH2026\output - INFO - Running: python D:\chirag\IR-colorization-BAH2026\scripts\create_patches.py --input_dir D:\chirag\IR-colorization-BAH2026\output\downscaled_data --output_dir D:\chirag\IR-colorization-BAH2026\output\patches --geo_dir D:\chirag\IR-colorization-BAH2026\output\geo
2026-09-08 23:06:19,696 - D:\chirag\IR-colorization-BAH2026\output - WARNING - STDERR from create_patches.py:
2026-09-08 23:06:18,086 - create_patches - INFO - Found 1 products in D:\chirag\IR-colorization-BAH2026\output\downscaled_data
2026-09-08 23:06:18,312 - create_patches - INFO - Generating full dataset patches for Mumbai_Summer...
2026-09-08 23:06:19,537 - create_patches - INFO - Successfully created 8 samples for Mumbai_Summer (8 rejected for cloud/shadow/fill).

2026-09-08 23:06:19,697 - D:\chirag\IR-colorization-BAH2026\output - INFO - Successfully generated dataset samples for Mumbai_Summer
2026-09-08 23:06:19,697 - D:\chirag\IR-colorization-BAH2026\output - INFO - Dataset generation finished. Samples available in output/patches
2026-09-08 23:06:27,696 - D:\chirag\IR-colorization-BAH2026\output - INFO - Processing product: Iowa_Harvest
2026-09-08 23:06:27,698 - D:\chirag\IR-colorization-BAH2026\output - WARNING - Skipping Iowa_Harvest: Missing required bands.
2026-09-08 23:06:27,698 - D:\chirag\IR-colorization-BAH2026\output - INFO - Processing product: NewYorkCity_Winter
2026-09-08 23:06:28,235 - D:\chirag\IR-colorization-BAH2026\output - INFO - Saved native geo metadata for NewYorkCity_Winter to D:\chirag\IR-colorization-BAH2026\output\geo\NewYorkCity_Winter_native_geo.json
2026-09-08 23:06:28,235 - D:\chirag\IR-colorization-BAH2026\output - INFO - Running: python D:\chirag\IR-colorization-BAH2026\scripts\merge_rgb.py D:\chirag\IR-colorization-BAH2026\input\NewYorkCity_Winter\SR_B4.tif D:\chirag\IR-colorization-BAH2026\input\NewYorkCity_Winter\SR_B3.tif D:\chirag\IR-colorization-BAH2026\input\NewYorkCity_Winter\SR_B2.tif D:\chirag\IR-colorization-BAH2026\output\rgb_images\NewYorkCity_Winter_rgb_30m.tif
2026-09-08 23:07:07,807 - D:\chirag\IR-colorization-BAH2026\output - INFO - Running: python D:\chirag\IR-colorization-BAH2026\scripts\calibrate_tir.py D:\chirag\IR-colorization-BAH2026\input\NewYorkCity_Winter\ST_B10.tif D:\chirag\IR-colorization-BAH2026\output\calibrated\NewYorkCity_Winter_tir_kelvin.tif
2026-09-08 23:07:22,075 - D:\chirag\IR-colorization-BAH2026\output - INFO - Running: python D:\chirag\IR-colorization-BAH2026\scripts\downscale_qa.py D:\chirag\IR-colorization-BAH2026\input\NewYorkCity_Winter\QA_PIXEL.tif D:\chirag\IR-colorization-BAH2026\input\NewYorkCity_Winter\ST_B10.tif D:\chirag\IR-colorization-BAH2026\output\downscaled_data\NewYorkCity_Winter_qainvalid_100m.tif 3.33
2026-09-08 23:07:24,172 - D:\chirag\IR-colorization-BAH2026\output - INFO - Running: python D:\chirag\IR-colorization-BAH2026\scripts\downscale_qa.py D:\chirag\IR-colorization-BAH2026\input\NewYorkCity_Winter\QA_PIXEL.tif D:\chirag\IR-colorization-BAH2026\input\NewYorkCity_Winter\ST_B10.tif D:\chirag\IR-colorization-BAH2026\output\downscaled_data\NewYorkCity_Winter_qainvalid_200m.tif 6.67
2026-09-08 23:07:26,120 - D:\chirag\IR-colorization-BAH2026\output - INFO - Running: python D:\chirag\IR-colorization-BAH2026\scripts\downscale.py D:\chirag\IR-colorization-BAH2026\output\rgb_images\NewYorkCity_Winter_rgb_30m.tif D:\chirag\IR-colorization-BAH2026\output\downscaled_data\NewYorkCity_Winter_rgb_100m.tif 3.33
2026-09-08 23:07:31,004 - D:\chirag\IR-colorization-BAH2026\output - INFO - Running: python D:\chirag\IR-colorization-BAH2026\scripts\downscale.py D:\chirag\IR-colorization-BAH2026\output\calibrated\NewYorkCity_Winter_tir_kelvin.tif D:\chirag\IR-colorization-BAH2026\output\downscaled_data\NewYorkCity_Winter_tir_100m.tif 3.33
2026-09-08 23:07:33,460 - D:\chirag\IR-colorization-BAH2026\output - INFO - Running: python D:\chirag\IR-colorization-BAH2026\scripts\downscale.py D:\chirag\IR-colorization-BAH2026\output\calibrated\NewYorkCity_Winter_tir_kelvin.tif D:\chirag\IR-colorization-BAH2026\output\downscaled_data\NewYorkCity_Winter_tir_200m.tif 6.67 --mode psf_thermal
2026-09-08 23:07:37,563 - D:\chirag\IR-colorization-BAH2026\output - INFO - Running: python D:\chirag\IR-colorization-BAH2026\scripts\create_patches.py --input_dir D:\chirag\IR-colorization-BAH2026\output\downscaled_data --output_dir D:\chirag\IR-colorization-BAH2026\output\patches --geo_dir D:\chirag\IR-colorization-BAH2026\output\geo
2026-09-08 23:07:42,166 - D:\chirag\IR-colorization-BAH2026\output - WARNING - STDERR from create_patches.py:
2026-09-08 23:07:40,343 - create_patches - INFO - Found 1 products in D:\chirag\IR-colorization-BAH2026\output\downscaled_data
2026-09-08 23:07:40,731 - create_patches - INFO - Generating full dataset patches for NewYorkCity_Winter...
2026-09-08 23:07:41,876 - create_patches - INFO - Successfully created 5 samples for NewYorkCity_Winter (11 rejected for cloud/shadow/fill).

2026-09-08 23:07:42,173 - D:\chirag\IR-colorization-BAH2026\output - INFO - Successfully generated dataset samples for NewYorkCity_Winter
2026-09-08 23:07:42,177 - D:\chirag\IR-colorization-BAH2026\output - INFO - Dataset generation finished. Samples available in output/patches
2026-09-08 23:08:07,072 - D:\chirag\IR-colorization-BAH2026\output - INFO - Processing product: Iowa_Harvest
2026-09-08 23:08:07,094 - D:\chirag\IR-colorization-BAH2026\output - WARNING - Skipping Iowa_Harvest: Missing required bands.
2026-09-08 23:08:07,095 - D:\chirag\IR-colorization-BAH2026\output - INFO - Processing product: Punjab_Growing
2026-09-08 23:08:08,523 - D:\chirag\IR-colorization-BAH2026\output - INFO - Saved native geo metadata for Punjab_Growing to D:\chirag\IR-colorization-BAH2026\output\geo\Punjab_Growing_native_geo.json
2026-09-08 23:08:08,544 - D:\chirag\IR-colorization-BAH2026\output - INFO - Running: python D:\chirag\IR-colorization-BAH2026\scripts\merge_rgb.py D:\chirag\IR-colorization-BAH2026\input\Punjab_Growing\SR_B4.tif D:\chirag\IR-colorization-BAH2026\input\Punjab_Growing\SR_B3.tif D:\chirag\IR-colorization-BAH2026\input\Punjab_Growing\SR_B2.tif D:\chirag\IR-colorization-BAH2026\output\rgb_images\Punjab_Growing_rgb_30m.tif
2026-09-08 23:09:18,935 - D:\chirag\IR-colorization-BAH2026\output - INFO - Running: python D:\chirag\IR-colorization-BAH2026\scripts\calibrate_tir.py D:\chirag\IR-colorization-BAH2026\input\Punjab_Growing\ST_B10.tif D:\chirag\IR-colorization-BAH2026\output\calibrated\Punjab_Growing_tir_kelvin.tif
2026-09-08 23:09:28,648 - D:\chirag\IR-colorization-BAH2026\output - INFO - Running: python D:\chirag\IR-colorization-BAH2026\scripts\downscale_qa.py D:\chirag\IR-colorization-BAH2026\input\Punjab_Growing\QA_PIXEL.tif D:\chirag\IR-colorization-BAH2026\input\Punjab_Growing\ST_B10.tif D:\chirag\IR-colorization-BAH2026\output\downscaled_data\Punjab_Growing_qainvalid_100m.tif 3.33
2026-09-08 23:09:30,873 - D:\chirag\IR-colorization-BAH2026\output - INFO - Running: python D:\chirag\IR-colorization-BAH2026\scripts\downscale_qa.py D:\chirag\IR-colorization-BAH2026\input\Punjab_Growing\QA_PIXEL.tif D:\chirag\IR-colorization-BAH2026\input\Punjab_Growing\ST_B10.tif D:\chirag\IR-colorization-BAH2026\output\downscaled_data\Punjab_Growing_qainvalid_200m.tif 6.67
2026-09-08 23:09:32,640 - D:\chirag\IR-colorization-BAH2026\output - INFO - Running: python D:\chirag\IR-colorization-BAH2026\scripts\downscale.py D:\chirag\IR-colorization-BAH2026\output\rgb_images\Punjab_Growing_rgb_30m.tif D:\chirag\IR-colorization-BAH2026\output\downscaled_data\Punjab_Growing_rgb_100m.tif 3.33
2026-09-08 23:09:41,401 - D:\chirag\IR-colorization-BAH2026\output - INFO - Running: python D:\chirag\IR-colorization-BAH2026\scripts\downscale.py D:\chirag\IR-colorization-BAH2026\output\calibrated\Punjab_Growing_tir_kelvin.tif D:\chirag\IR-colorization-BAH2026\output\downscaled_data\Punjab_Growing_tir_100m.tif 3.33
2026-09-08 23:09:44,136 - D:\chirag\IR-colorization-BAH2026\output - INFO - Running: python D:\chirag\IR-colorization-BAH2026\scripts\downscale.py D:\chirag\IR-colorization-BAH2026\output\calibrated\Punjab_Growing_tir_kelvin.tif D:\chirag\IR-colorization-BAH2026\output\downscaled_data\Punjab_Growing_tir_200m.tif 6.67 --mode psf_thermal
2026-09-08 23:09:48,507 - D:\chirag\IR-colorization-BAH2026\output - INFO - Running: python D:\chirag\IR-colorization-BAH2026\scripts\create_patches.py --input_dir D:\chirag\IR-colorization-BAH2026\output\downscaled_data --output_dir D:\chirag\IR-colorization-BAH2026\output\patches --geo_dir D:\chirag\IR-colorization-BAH2026\output\geo
2026-09-08 23:09:53,546 - D:\chirag\IR-colorization-BAH2026\output - WARNING - STDERR from create_patches.py:
2026-09-08 23:09:50,932 - create_patches - INFO - Found 1 products in D:\chirag\IR-colorization-BAH2026\output\downscaled_data
2026-09-08 23:09:51,373 - create_patches - INFO - Generating full dataset patches for Punjab_Growing...
2026-09-08 23:09:53,257 - create_patches - INFO - Successfully created 7 samples for Punjab_Growing (9 rejected for cloud/shadow/fill).

2026-09-08 23:09:53,548 - D:\chirag\IR-colorization-BAH2026\output - INFO - Successfully generated dataset samples for Punjab_Growing
2026-09-08 23:09:53,551 - D:\chirag\IR-colorization-BAH2026\output - INFO - Dataset generation finished. Samples available in output/patches
2026-09-08 23:10:17,499 - D:\chirag\IR-colorization-BAH2026\output - INFO - Processing product: Iowa_Harvest
2026-09-08 23:10:17,622 - D:\chirag\IR-colorization-BAH2026\output - INFO - Saved native geo metadata for Iowa_Harvest to D:\chirag\IR-colorization-BAH2026\output\geo\Iowa_Harvest_native_geo.json
2026-09-08 23:10:17,622 - D:\chirag\IR-colorization-BAH2026\output - INFO - Running: python D:\chirag\IR-colorization-BAH2026\scripts\merge_rgb.py D:\chirag\IR-colorization-BAH2026\input\Iowa_Harvest\SR_B4.tif D:\chirag\IR-colorization-BAH2026\input\Iowa_Harvest\SR_B3.tif D:\chirag\IR-colorization-BAH2026\input\Iowa_Harvest\SR_B2.tif D:\chirag\IR-colorization-BAH2026\output\rgb_images\Iowa_Harvest_rgb_30m.tif
2026-09-08 23:10:56,914 - D:\chirag\IR-colorization-BAH2026\output - INFO - Running: python D:\chirag\IR-colorization-BAH2026\scripts\calibrate_tir.py D:\chirag\IR-colorization-BAH2026\input\Iowa_Harvest\ST_B10.tif D:\chirag\IR-colorization-BAH2026\output\calibrated\Iowa_Harvest_tir_kelvin.tif
2026-09-08 23:11:02,662 - D:\chirag\IR-colorization-BAH2026\output - INFO - Running: python D:\chirag\IR-colorization-BAH2026\scripts\downscale_qa.py D:\chirag\IR-colorization-BAH2026\input\Iowa_Harvest\QA_PIXEL.tif D:\chirag\IR-colorization-BAH2026\input\Iowa_Harvest\ST_B10.tif D:\chirag\IR-colorization-BAH2026\output\downscaled_data\Iowa_Harvest_qainvalid_100m.tif 3.33
2026-09-08 23:11:05,346 - D:\chirag\IR-colorization-BAH2026\output - INFO - Running: python D:\chirag\IR-colorization-BAH2026\scripts\downscale_qa.py D:\chirag\IR-colorization-BAH2026\input\Iowa_Harvest\QA_PIXEL.tif D:\chirag\IR-colorization-BAH2026\input\Iowa_Harvest\ST_B10.tif D:\chirag\IR-colorization-BAH2026\output\downscaled_data\Iowa_Harvest_qainvalid_200m.tif 6.67
2026-09-08 23:11:08,236 - D:\chirag\IR-colorization-BAH2026\output - INFO - Running: python D:\chirag\IR-colorization-BAH2026\scripts\downscale.py D:\chirag\IR-colorization-BAH2026\output\rgb_images\Iowa_Harvest_rgb_30m.tif D:\chirag\IR-colorization-BAH2026\output\downscaled_data\Iowa_Harvest_rgb_100m.tif 3.33
2026-09-08 23:11:35,676 - D:\chirag\IR-colorization-BAH2026\output - INFO - Running: python D:\chirag\IR-colorization-BAH2026\scripts\downscale.py D:\chirag\IR-colorization-BAH2026\output\calibrated\Iowa_Harvest_tir_kelvin.tif D:\chirag\IR-colorization-BAH2026\output\downscaled_data\Iowa_Harvest_tir_100m.tif 3.33
2026-09-08 23:11:38,099 - D:\chirag\IR-colorization-BAH2026\output - INFO - Running: python D:\chirag\IR-colorization-BAH2026\scripts\downscale.py D:\chirag\IR-colorization-BAH2026\output\calibrated\Iowa_Harvest_tir_kelvin.tif D:\chirag\IR-colorization-BAH2026\output\downscaled_data\Iowa_Harvest_tir_200m.tif 6.67 --mode psf_thermal
2026-09-08 23:11:41,472 - D:\chirag\IR-colorization-BAH2026\output - INFO - Running: python D:\chirag\IR-colorization-BAH2026\scripts\create_patches.py --input_dir D:\chirag\IR-colorization-BAH2026\output\downscaled_data --output_dir D:\chirag\IR-colorization-BAH2026\output\patches --geo_dir D:\chirag\IR-colorization-BAH2026\output\geo
2026-09-08 23:11:46,782 - D:\chirag\IR-colorization-BAH2026\output - WARNING - STDERR from create_patches.py:
2026-09-08 23:11:44,505 - create_patches - INFO - Found 1 products in D:\chirag\IR-colorization-BAH2026\output\downscaled_data
2026-09-08 23:11:44,914 - create_patches - INFO - Generating full dataset patches for Iowa_Harvest...
2026-09-08 23:11:46,526 - create_patches - INFO - Successfully created 8 samples for Iowa_Harvest (8 rejected for cloud/shadow/fill).

2026-09-08 23:11:46,783 - D:\chirag\IR-colorization-BAH2026\output - INFO - Successfully generated dataset samples for Iowa_Harvest
2026-09-08 23:11:46,785 - D:\chirag\IR-colorization-BAH2026\output - INFO - Dataset generation finished. Samples available in output/patches
2026-09-08 23:12:06,692 - D:\chirag\IR-colorization-BAH2026\output - INFO - Processing product: WesternGhats_Summer
2026-09-08 23:12:06,811 - D:\chirag\IR-colorization-BAH2026\output - INFO - Saved native geo metadata for WesternGhats_Summer to D:\chirag\IR-colorization-BAH2026\output\geo\WesternGhats_Summer_native_geo.json
2026-09-08 23:12:06,812 - D:\chirag\IR-colorization-BAH2026\output - INFO - Running: python D:\chirag\IR-colorization-BAH2026\scripts\merge_rgb.py D:\chirag\IR-colorization-BAH2026\input\WesternGhats_Summer\SR_B4.tif D:\chirag\IR-colorization-BAH2026\input\WesternGhats_Summer\SR_B3.tif D:\chirag\IR-colorization-BAH2026\input\WesternGhats_Summer\SR_B2.tif D:\chirag\IR-colorization-BAH2026\output\rgb_images\WesternGhats_Summer_rgb_30m.tif
2026-09-08 23:12:36,093 - D:\chirag\IR-colorization-BAH2026\output - INFO - Running: python D:\chirag\IR-colorization-BAH2026\scripts\calibrate_tir.py D:\chirag\IR-colorization-BAH2026\input\WesternGhats_Summer\ST_B10.tif D:\chirag\IR-colorization-BAH2026\output\calibrated\WesternGhats_Summer_tir_kelvin.tif
2026-09-08 23:12:56,304 - D:\chirag\IR-colorization-BAH2026\output - INFO - Running: python D:\chirag\IR-colorization-BAH2026\scripts\downscale_qa.py D:\chirag\IR-colorization-BAH2026\input\WesternGhats_Summer\QA_PIXEL.tif D:\chirag\IR-colorization-BAH2026\input\WesternGhats_Summer\ST_B10.tif D:\chirag\IR-colorization-BAH2026\output\downscaled_data\WesternGhats_Summer_qainvalid_100m.tif 3.33
2026-09-08 23:12:58,922 - D:\chirag\IR-colorization-BAH2026\output - INFO - Running: python D:\chirag\IR-colorization-BAH2026\scripts\downscale_qa.py D:\chirag\IR-colorization-BAH2026\input\WesternGhats_Summer\QA_PIXEL.tif D:\chirag\IR-colorization-BAH2026\input\WesternGhats_Summer\ST_B10.tif D:\chirag\IR-colorization-BAH2026\output\downscaled_data\WesternGhats_Summer_qainvalid_200m.tif 6.67
2026-09-08 23:13:00,436 - D:\chirag\IR-colorization-BAH2026\output - INFO - Running: python D:\chirag\IR-colorization-BAH2026\scripts\downscale.py D:\chirag\IR-colorization-BAH2026\output\rgb_images\WesternGhats_Summer_rgb_30m.tif D:\chirag\IR-colorization-BAH2026\output\downscaled_data\WesternGhats_Summer_rgb_100m.tif 3.33
2026-09-08 23:13:06,805 - D:\chirag\IR-colorization-BAH2026\output - INFO - Running: python D:\chirag\IR-colorization-BAH2026\scripts\downscale.py D:\chirag\IR-colorization-BAH2026\output\calibrated\WesternGhats_Summer_tir_kelvin.tif D:\chirag\IR-colorization-BAH2026\output\downscaled_data\WesternGhats_Summer_tir_100m.tif 3.33
2026-09-08 23:13:08,263 - D:\chirag\IR-colorization-BAH2026\output - INFO - Running: python D:\chirag\IR-colorization-BAH2026\scripts\downscale.py D:\chirag\IR-colorization-BAH2026\output\calibrated\WesternGhats_Summer_tir_kelvin.tif D:\chirag\IR-colorization-BAH2026\output\downscaled_data\WesternGhats_Summer_tir_200m.tif 6.67 --mode psf_thermal
2026-09-08 23:13:10,785 - D:\chirag\IR-colorization-BAH2026\output - INFO - Running: python D:\chirag\IR-colorization-BAH2026\scripts\create_patches.py --input_dir D:\chirag\IR-colorization-BAH2026\output\downscaled_data --output_dir D:\chirag\IR-colorization-BAH2026\output\patches --geo_dir D:\chirag\IR-colorization-BAH2026\output\geo
2026-09-08 23:13:15,570 - D:\chirag\IR-colorization-BAH2026\output - WARNING - STDERR from create_patches.py:
2026-09-08 23:13:13,639 - create_patches - INFO - Found 1 products in D:\chirag\IR-colorization-BAH2026\output\downscaled_data
2026-09-08 23:13:13,891 - create_patches - INFO - Generating full dataset patches for WesternGhats_Summer...
2026-09-08 23:13:15,417 - create_patches - INFO - Successfully created 6 samples for WesternGhats_Summer (10 rejected for cloud/shadow/fill).

2026-09-08 23:13:15,571 - D:\chirag\IR-colorization-BAH2026\output - INFO - Successfully generated dataset samples for WesternGhats_Summer
2026-09-08 23:13:15,572 - D:\chirag\IR-colorization-BAH2026\output - INFO - Dataset generation finished. Samples available in output/patches
2026-09-08 23:13:30,939 - D:\chirag\IR-colorization-BAH2026\output - INFO - Processing product: BlackForest_Autumn
2026-09-08 23:13:31,411 - D:\chirag\IR-colorization-BAH2026\output - INFO - Saved native geo metadata for BlackForest_Autumn to D:\chirag\IR-colorization-BAH2026\output\geo\BlackForest_Autumn_native_geo.json
2026-09-08 23:13:31,412 - D:\chirag\IR-colorization-BAH2026\output - INFO - Running: python D:\chirag\IR-colorization-BAH2026\scripts\merge_rgb.py D:\chirag\IR-colorization-BAH2026\input\BlackForest_Autumn\SR_B4.tif D:\chirag\IR-colorization-BAH2026\input\BlackForest_Autumn\SR_B3.tif D:\chirag\IR-colorization-BAH2026\input\BlackForest_Autumn\SR_B2.tif D:\chirag\IR-colorization-BAH2026\output\rgb_images\BlackForest_Autumn_rgb_30m.tif
2026-09-08 23:14:06,371 - D:\chirag\IR-colorization-BAH2026\output - INFO - Running: python D:\chirag\IR-colorization-BAH2026\scripts\calibrate_tir.py D:\chirag\IR-colorization-BAH2026\input\BlackForest_Autumn\ST_B10.tif D:\chirag\IR-colorization-BAH2026\output\calibrated\BlackForest_Autumn_tir_kelvin.tif
2026-09-08 23:14:34,584 - D:\chirag\IR-colorization-BAH2026\output - INFO - Running: python D:\chirag\IR-colorization-BAH2026\scripts\downscale_qa.py D:\chirag\IR-colorization-BAH2026\input\BlackForest_Autumn\QA_PIXEL.tif D:\chirag\IR-colorization-BAH2026\input\BlackForest_Autumn\ST_B10.tif D:\chirag\IR-colorization-BAH2026\output\downscaled_data\BlackForest_Autumn_qainvalid_100m.tif 3.33
2026-09-08 23:14:36,501 - D:\chirag\IR-colorization-BAH2026\output - INFO - Running: python D:\chirag\IR-colorization-BAH2026\scripts\downscale_qa.py D:\chirag\IR-colorization-BAH2026\input\BlackForest_Autumn\QA_PIXEL.tif D:\chirag\IR-colorization-BAH2026\input\BlackForest_Autumn\ST_B10.tif D:\chirag\IR-colorization-BAH2026\output\downscaled_data\BlackForest_Autumn_qainvalid_200m.tif 6.67
2026-09-08 23:14:38,233 - D:\chirag\IR-colorization-BAH2026\output - INFO - Running: python D:\chirag\IR-colorization-BAH2026\scripts\downscale.py D:\chirag\IR-colorization-BAH2026\output\rgb_images\BlackForest_Autumn_rgb_30m.tif D:\chirag\IR-colorization-BAH2026\output\downscaled_data\BlackForest_Autumn_rgb_100m.tif 3.33
2026-09-08 23:14:55,251 - D:\chirag\IR-colorization-BAH2026\output - INFO - Running: python D:\chirag\IR-colorization-BAH2026\scripts\downscale.py D:\chirag\IR-colorization-BAH2026\output\calibrated\BlackForest_Autumn_tir_kelvin.tif D:\chirag\IR-colorization-BAH2026\output\downscaled_data\BlackForest_Autumn_tir_100m.tif 3.33
2026-09-08 23:14:58,434 - D:\chirag\IR-colorization-BAH2026\output - INFO - Running: python D:\chirag\IR-colorization-BAH2026\scripts\downscale.py D:\chirag\IR-colorization-BAH2026\output\calibrated\BlackForest_Autumn_tir_kelvin.tif D:\chirag\IR-colorization-BAH2026\output\downscaled_data\BlackForest_Autumn_tir_200m.tif 6.67 --mode psf_thermal
2026-09-08 23:15:01,922 - D:\chirag\IR-colorization-BAH2026\output - INFO - Running: python D:\chirag\IR-colorization-BAH2026\scripts\create_patches.py --input_dir D:\chirag\IR-colorization-BAH2026\output\downscaled_data --output_dir D:\chirag\IR-colorization-BAH2026\output\patches --geo_dir D:\chirag\IR-colorization-BAH2026\output\geo
2026-09-08 23:15:04,795 - D:\chirag\IR-colorization-BAH2026\output - WARNING - STDERR from create_patches.py:
2026-09-08 23:15:03,102 - create_patches - INFO - Found 1 products in D:\chirag\IR-colorization-BAH2026\output\downscaled_data
2026-09-08 23:15:03,524 - create_patches - INFO - Generating full dataset patches for BlackForest_Autumn...
2026-09-08 23:15:04,687 - create_patches - INFO - Successfully created 8 samples for BlackForest_Autumn (8 rejected for cloud/shadow/fill).

2026-09-08 23:15:04,796 - D:\chirag\IR-colorization-BAH2026\output - INFO - Successfully generated dataset samples for BlackForest_Autumn
2026-09-08 23:15:04,796 - D:\chirag\IR-colorization-BAH2026\output - INFO - Dataset generation finished. Samples available in output/patches
2026-09-08 23:33:44,273 - D:\chirag\IR-colorization-BAH2026\output - INFO - Processing product: Thar_Summer
2026-09-08 23:33:44,530 - D:\chirag\IR-colorization-BAH2026\output - INFO - Saved native geo metadata for Thar_Summer to D:\chirag\IR-colorization-BAH2026\output\geo\Thar_Summer_native_geo.json
2026-09-08 23:33:44,533 - D:\chirag\IR-colorization-BAH2026\output - INFO - Running: python D:\chirag\IR-colorization-BAH2026\scripts\merge_rgb.py D:\chirag\IR-colorization-BAH2026\input\Thar_Summer\SR_B4.tif D:\chirag\IR-colorization-BAH2026\input\Thar_Summer\SR_B3.tif D:\chirag\IR-colorization-BAH2026\input\Thar_Summer\SR_B2.tif D:\chirag\IR-colorization-BAH2026\output\rgb_images\Thar_Summer_rgb_30m.tif
2026-09-08 23:34:04,651 - D:\chirag\IR-colorization-BAH2026\output - INFO - Running: python D:\chirag\IR-colorization-BAH2026\scripts\calibrate_tir.py D:\chirag\IR-colorization-BAH2026\input\Thar_Summer\ST_B10.tif D:\chirag\IR-colorization-BAH2026\output\calibrated\Thar_Summer_tir_kelvin.tif
2026-09-08 23:34:19,011 - D:\chirag\IR-colorization-BAH2026\output - INFO - Running: python D:\chirag\IR-colorization-BAH2026\scripts\downscale_qa.py D:\chirag\IR-colorization-BAH2026\input\Thar_Summer\QA_PIXEL.tif D:\chirag\IR-colorization-BAH2026\input\Thar_Summer\ST_B10.tif D:\chirag\IR-colorization-BAH2026\output\downscaled_data\Thar_Summer_qainvalid_100m.tif 3.33
2026-09-08 23:34:21,191 - D:\chirag\IR-colorization-BAH2026\output - INFO - Running: python D:\chirag\IR-colorization-BAH2026\scripts\downscale_qa.py D:\chirag\IR-colorization-BAH2026\input\Thar_Summer\QA_PIXEL.tif D:\chirag\IR-colorization-BAH2026\input\Thar_Summer\ST_B10.tif D:\chirag\IR-colorization-BAH2026\output\downscaled_data\Thar_Summer_qainvalid_200m.tif 6.67
2026-09-08 23:34:22,971 - D:\chirag\IR-colorization-BAH2026\output - INFO - Running: python D:\chirag\IR-colorization-BAH2026\scripts\downscale.py D:\chirag\IR-colorization-BAH2026\output\rgb_images\Thar_Summer_rgb_30m.tif D:\chirag\IR-colorization-BAH2026\output\downscaled_data\Thar_Summer_rgb_100m.tif 3.33
2026-09-08 23:34:29,166 - D:\chirag\IR-colorization-BAH2026\output - INFO - Running: python D:\chirag\IR-colorization-BAH2026\scripts\downscale.py D:\chirag\IR-colorization-BAH2026\output\calibrated\Thar_Summer_tir_kelvin.tif D:\chirag\IR-colorization-BAH2026\output\downscaled_data\Thar_Summer_tir_100m.tif 3.33
2026-09-08 23:34:30,454 - D:\chirag\IR-colorization-BAH2026\output - INFO - Running: python D:\chirag\IR-colorization-BAH2026\scripts\downscale.py D:\chirag\IR-colorization-BAH2026\output\calibrated\Thar_Summer_tir_kelvin.tif D:\chirag\IR-colorization-BAH2026\output\downscaled_data\Thar_Summer_tir_200m.tif 6.67 --mode psf_thermal
2026-09-08 23:34:32,836 - D:\chirag\IR-colorization-BAH2026\output - INFO - Running: python D:\chirag\IR-colorization-BAH2026\scripts\create_patches.py --input_dir D:\chirag\IR-colorization-BAH2026\output\downscaled_data --output_dir D:\chirag\IR-colorization-BAH2026\output\patches --geo_dir D:\chirag\IR-colorization-BAH2026\output\geo
2026-09-08 23:34:36,143 - D:\chirag\IR-colorization-BAH2026\output - WARNING - STDERR from create_patches.py:
2026-09-08 23:34:34,369 - create_patches - INFO - Found 1 products in D:\chirag\IR-colorization-BAH2026\output\downscaled_data
2026-09-08 23:34:34,705 - create_patches - INFO - Generating full dataset patches for Thar_Summer...
2026-09-08 23:34:35,760 - create_patches - INFO - Successfully created 6 samples for Thar_Summer (10 rejected for cloud/shadow/fill).

2026-09-08 23:34:36,143 - D:\chirag\IR-colorization-BAH2026\output - INFO - Successfully generated dataset samples for Thar_Summer
2026-09-08 23:34:36,144 - D:\chirag\IR-colorization-BAH2026\output - INFO - Dataset generation finished. Samples available in output/patches
2026-09-08 23:34:51,068 - D:\chirag\IR-colorization-BAH2026\output - INFO - Processing product: Atacama_Winter
2026-09-08 23:34:51,157 - D:\chirag\IR-colorization-BAH2026\output - INFO - Saved native geo metadata for Atacama_Winter to D:\chirag\IR-colorization-BAH2026\output\geo\Atacama_Winter_native_geo.json
2026-09-08 23:34:51,158 - D:\chirag\IR-colorization-BAH2026\output - INFO - Running: python D:\chirag\IR-colorization-BAH2026\scripts\merge_rgb.py D:\chirag\IR-colorization-BAH2026\input\Atacama_Winter\SR_B4.tif D:\chirag\IR-colorization-BAH2026\input\Atacama_Winter\SR_B3.tif D:\chirag\IR-colorization-BAH2026\input\Atacama_Winter\SR_B2.tif D:\chirag\IR-colorization-BAH2026\output\rgb_images\Atacama_Winter_rgb_30m.tif
2026-09-08 23:35:53,993 - D:\chirag\IR-colorization-BAH2026\output - INFO - Running: python D:\chirag\IR-colorization-BAH2026\scripts\calibrate_tir.py D:\chirag\IR-colorization-BAH2026\input\Atacama_Winter\ST_B10.tif D:\chirag\IR-colorization-BAH2026\output\calibrated\Atacama_Winter_tir_kelvin.tif
2026-09-08 23:36:00,434 - D:\chirag\IR-colorization-BAH2026\output - INFO - Running: python D:\chirag\IR-colorization-BAH2026\scripts\downscale_qa.py D:\chirag\IR-colorization-BAH2026\input\Atacama_Winter\QA_PIXEL.tif D:\chirag\IR-colorization-BAH2026\input\Atacama_Winter\ST_B10.tif D:\chirag\IR-colorization-BAH2026\output\downscaled_data\Atacama_Winter_qainvalid_100m.tif 3.33
2026-09-08 23:36:01,852 - D:\chirag\IR-colorization-BAH2026\output - INFO - Running: python D:\chirag\IR-colorization-BAH2026\scripts\downscale_qa.py D:\chirag\IR-colorization-BAH2026\input\Atacama_Winter\QA_PIXEL.tif D:\chirag\IR-colorization-BAH2026\input\Atacama_Winter\ST_B10.tif D:\chirag\IR-colorization-BAH2026\output\downscaled_data\Atacama_Winter_qainvalid_200m.tif 6.67
2026-09-08 23:36:03,136 - D:\chirag\IR-colorization-BAH2026\output - INFO - Running: python D:\chirag\IR-colorization-BAH2026\scripts\downscale.py D:\chirag\IR-colorization-BAH2026\output\rgb_images\Atacama_Winter_rgb_30m.tif D:\chirag\IR-colorization-BAH2026\output\downscaled_data\Atacama_Winter_rgb_100m.tif 3.33
2026-09-08 23:36:05,621 - D:\chirag\IR-colorization-BAH2026\output - INFO - Running: python D:\chirag\IR-colorization-BAH2026\scripts\downscale.py D:\chirag\IR-colorization-BAH2026\output\calibrated\Atacama_Winter_tir_kelvin.tif D:\chirag\IR-colorization-BAH2026\output\downscaled_data\Atacama_Winter_tir_100m.tif 3.33
2026-09-08 23:36:07,379 - D:\chirag\IR-colorization-BAH2026\output - INFO - Running: python D:\chirag\IR-colorization-BAH2026\scripts\downscale.py D:\chirag\IR-colorization-BAH2026\output\calibrated\Atacama_Winter_tir_kelvin.tif D:\chirag\IR-colorization-BAH2026\output\downscaled_data\Atacama_Winter_tir_200m.tif 6.67 --mode psf_thermal
2026-09-08 23:36:09,382 - D:\chirag\IR-colorization-BAH2026\output - INFO - Running: python D:\chirag\IR-colorization-BAH2026\scripts\create_patches.py --input_dir D:\chirag\IR-colorization-BAH2026\output\downscaled_data --output_dir D:\chirag\IR-colorization-BAH2026\output\patches --geo_dir D:\chirag\IR-colorization-BAH2026\output\geo
2026-09-08 23:36:10,859 - D:\chirag\IR-colorization-BAH2026\output - WARNING - STDERR from create_patches.py:
2026-09-08 23:36:10,556 - create_patches - INFO - Found 1 products in D:\chirag\IR-colorization-BAH2026\output\downscaled_data
2026-09-08 23:36:10,724 - create_patches - INFO - Generating full dataset patches for Atacama_Winter...
2026-09-08 23:36:10,734 - create_patches - INFO - Successfully created 0 samples for Atacama_Winter (16 rejected for cloud/shadow/fill).

2026-09-08 23:36:10,859 - D:\chirag\IR-colorization-BAH2026\output - INFO - Successfully generated dataset samples for Atacama_Winter
2026-09-08 23:36:10,860 - D:\chirag\IR-colorization-BAH2026\output - INFO - Dataset generation finished. Samples available in output/patches
2026-09-08 23:41:15,496 - D:\chirag\IR-colorization-BAH2026\output - INFO - Processing product: Ladakh_Summer
2026-09-08 23:41:15,569 - D:\chirag\IR-colorization-BAH2026\output - INFO - Saved native geo metadata for Ladakh_Summer to D:\chirag\IR-colorization-BAH2026\output\geo\Ladakh_Summer_native_geo.json
2026-09-08 23:41:15,570 - D:\chirag\IR-colorization-BAH2026\output - INFO - Running: python D:\chirag\IR-colorization-BAH2026\scripts\merge_rgb.py D:\chirag\IR-colorization-BAH2026\input\Ladakh_Summer\SR_B4.tif D:\chirag\IR-colorization-BAH2026\input\Ladakh_Summer\SR_B3.tif D:\chirag\IR-colorization-BAH2026\input\Ladakh_Summer\SR_B2.tif D:\chirag\IR-colorization-BAH2026\output\rgb_images\Ladakh_Summer_rgb_30m.tif
2026-09-08 23:41:32,970 - D:\chirag\IR-colorization-BAH2026\output - INFO - Running: python D:\chirag\IR-colorization-BAH2026\scripts\calibrate_tir.py D:\chirag\IR-colorization-BAH2026\input\Ladakh_Summer\ST_B10.tif D:\chirag\IR-colorization-BAH2026\output\calibrated\Ladakh_Summer_tir_kelvin.tif
2026-09-08 23:41:36,981 - D:\chirag\IR-colorization-BAH2026\output - INFO - Running: python D:\chirag\IR-colorization-BAH2026\scripts\downscale_qa.py D:\chirag\IR-colorization-BAH2026\input\Ladakh_Summer\QA_PIXEL.tif D:\chirag\IR-colorization-BAH2026\input\Ladakh_Summer\ST_B10.tif D:\chirag\IR-colorization-BAH2026\output\downscaled_data\Ladakh_Summer_qainvalid_100m.tif 3.33
2026-09-08 23:41:38,186 - D:\chirag\IR-colorization-BAH2026\output - INFO - Running: python D:\chirag\IR-colorization-BAH2026\scripts\downscale_qa.py D:\chirag\IR-colorization-BAH2026\input\Ladakh_Summer\QA_PIXEL.tif D:\chirag\IR-colorization-BAH2026\input\Ladakh_Summer\ST_B10.tif D:\chirag\IR-colorization-BAH2026\output\downscaled_data\Ladakh_Summer_qainvalid_200m.tif 6.67
2026-09-08 23:41:39,211 - D:\chirag\IR-colorization-BAH2026\output - INFO - Running: python D:\chirag\IR-colorization-BAH2026\scripts\downscale.py D:\chirag\IR-colorization-BAH2026\output\rgb_images\Ladakh_Summer_rgb_30m.tif D:\chirag\IR-colorization-BAH2026\output\downscaled_data\Ladakh_Summer_rgb_100m.tif 3.33
2026-09-08 23:41:41,727 - D:\chirag\IR-colorization-BAH2026\output - INFO - Running: python D:\chirag\IR-colorization-BAH2026\scripts\downscale.py D:\chirag\IR-colorization-BAH2026\output\calibrated\Ladakh_Summer_tir_kelvin.tif D:\chirag\IR-colorization-BAH2026\output\downscaled_data\Ladakh_Summer_tir_100m.tif 3.33
2026-09-08 23:41:42,781 - D:\chirag\IR-colorization-BAH2026\output - INFO - Running: python D:\chirag\IR-colorization-BAH2026\scripts\downscale.py D:\chirag\IR-colorization-BAH2026\output\calibrated\Ladakh_Summer_tir_kelvin.tif D:\chirag\IR-colorization-BAH2026\output\downscaled_data\Ladakh_Summer_tir_200m.tif 6.67 --mode psf_thermal
2026-09-08 23:41:44,404 - D:\chirag\IR-colorization-BAH2026\output - INFO - Running: python D:\chirag\IR-colorization-BAH2026\scripts\create_patches.py --input_dir D:\chirag\IR-colorization-BAH2026\output\downscaled_data --output_dir D:\chirag\IR-colorization-BAH2026\output\patches --geo_dir D:\chirag\IR-colorization-BAH2026\output\geo
2026-09-08 23:41:45,455 - D:\chirag\IR-colorization-BAH2026\output - WARNING - STDERR from create_patches.py:
2026-09-08 23:41:45,242 - create_patches - INFO - Found 1 products in D:\chirag\IR-colorization-BAH2026\output\downscaled_data
2026-09-08 23:41:45,318 - create_patches - INFO - Generating full dataset patches for Ladakh_Summer...
2026-09-08 23:41:45,327 - create_patches - INFO - Successfully created 0 samples for Ladakh_Summer (16 rejected for cloud/shadow/fill).

2026-09-08 23:41:45,462 - D:\chirag\IR-colorization-BAH2026\output - INFO - Successfully generated dataset samples for Ladakh_Summer
2026-09-08 23:41:45,462 - D:\chirag\IR-colorization-BAH2026\output - INFO - Dataset generation finished. Samples available in output/patches
2026-09-08 23:45:32,002 - D:\chirag\IR-colorization-BAH2026\output - INFO - Processing product: SwissAlps_Winter
2026-09-08 23:45:32,207 - D:\chirag\IR-colorization-BAH2026\output - INFO - Saved native geo metadata for SwissAlps_Winter to D:\chirag\IR-colorization-BAH2026\output\geo\SwissAlps_Winter_native_geo.json
2026-09-08 23:45:32,208 - D:\chirag\IR-colorization-BAH2026\output - INFO - Running: python D:\chirag\IR-colorization-BAH2026\scripts\merge_rgb.py D:\chirag\IR-colorization-BAH2026\input\SwissAlps_Winter\SR_B4.tif D:\chirag\IR-colorization-BAH2026\input\SwissAlps_Winter\SR_B3.tif D:\chirag\IR-colorization-BAH2026\input\SwissAlps_Winter\SR_B2.tif D:\chirag\IR-colorization-BAH2026\output\rgb_images\SwissAlps_Winter_rgb_30m.tif
2026-09-08 23:46:02,932 - D:\chirag\IR-colorization-BAH2026\output - INFO - Running: python D:\chirag\IR-colorization-BAH2026\scripts\calibrate_tir.py D:\chirag\IR-colorization-BAH2026\input\SwissAlps_Winter\ST_B10.tif D:\chirag\IR-colorization-BAH2026\output\calibrated\SwissAlps_Winter_tir_kelvin.tif
2026-09-08 23:46:07,769 - D:\chirag\IR-colorization-BAH2026\output - INFO - Running: python D:\chirag\IR-colorization-BAH2026\scripts\downscale_qa.py D:\chirag\IR-colorization-BAH2026\input\SwissAlps_Winter\QA_PIXEL.tif D:\chirag\IR-colorization-BAH2026\input\SwissAlps_Winter\ST_B10.tif D:\chirag\IR-colorization-BAH2026\output\downscaled_data\SwissAlps_Winter_qainvalid_100m.tif 3.33
2026-09-08 23:46:09,193 - D:\chirag\IR-colorization-BAH2026\output - INFO - Running: python D:\chirag\IR-colorization-BAH2026\scripts\downscale_qa.py D:\chirag\IR-colorization-BAH2026\input\SwissAlps_Winter\QA_PIXEL.tif D:\chirag\IR-colorization-BAH2026\input\SwissAlps_Winter\ST_B10.tif D:\chirag\IR-colorization-BAH2026\output\downscaled_data\SwissAlps_Winter_qainvalid_200m.tif 6.67
2026-09-08 23:46:11,124 - D:\chirag\IR-colorization-BAH2026\output - INFO - Running: python D:\chirag\IR-colorization-BAH2026\scripts\downscale.py D:\chirag\IR-colorization-BAH2026\output\rgb_images\SwissAlps_Winter_rgb_30m.tif D:\chirag\IR-colorization-BAH2026\output\downscaled_data\SwissAlps_Winter_rgb_100m.tif 3.33
2026-09-08 23:46:15,122 - D:\chirag\IR-colorization-BAH2026\output - INFO - Running: python D:\chirag\IR-colorization-BAH2026\scripts\downscale.py D:\chirag\IR-colorization-BAH2026\output\calibrated\SwissAlps_Winter_tir_kelvin.tif D:\chirag\IR-colorization-BAH2026\output\downscaled_data\SwissAlps_Winter_tir_100m.tif 3.33
2026-09-08 23:46:17,396 - D:\chirag\IR-colorization-BAH2026\output - INFO - Running: python D:\chirag\IR-colorization-BAH2026\scripts\downscale.py D:\chirag\IR-colorization-BAH2026\output\calibrated\SwissAlps_Winter_tir_kelvin.tif D:\chirag\IR-colorization-BAH2026\output\downscaled_data\SwissAlps_Winter_tir_200m.tif 6.67 --mode psf_thermal
2026-09-08 23:46:20,361 - D:\chirag\IR-colorization-BAH2026\output - INFO - Running: python D:\chirag\IR-colorization-BAH2026\scripts\create_patches.py --input_dir D:\chirag\IR-colorization-BAH2026\output\downscaled_data --output_dir D:\chirag\IR-colorization-BAH2026\output\patches --geo_dir D:\chirag\IR-colorization-BAH2026\output\geo
2026-09-08 23:46:23,896 - D:\chirag\IR-colorization-BAH2026\output - WARNING - STDERR from create_patches.py:
2026-09-08 23:46:22,993 - create_patches - INFO - Found 1 products in D:\chirag\IR-colorization-BAH2026\output\downscaled_data
2026-09-08 23:46:23,358 - create_patches - INFO - Generating full dataset patches for SwissAlps_Winter...
2026-09-08 23:46:23,709 - create_patches - INFO - Successfully created 1 samples for SwissAlps_Winter (15 rejected for cloud/shadow/fill).

2026-09-08 23:46:23,897 - D:\chirag\IR-colorization-BAH2026\output - INFO - Successfully generated dataset samples for SwissAlps_Winter
2026-09-08 23:46:23,898 - D:\chirag\IR-colorization-BAH2026\output - INFO - Dataset generation finished. Samples available in output/patches
2026-09-08 23:46:50,988 - D:\chirag\IR-colorization-BAH2026\output - INFO - Processing product: Chennai_Summer
2026-09-08 23:46:51,233 - D:\chirag\IR-colorization-BAH2026\output - INFO - Saved native geo metadata for Chennai_Summer to D:\chirag\IR-colorization-BAH2026\output\geo\Chennai_Summer_native_geo.json
2026-09-08 23:46:51,234 - D:\chirag\IR-colorization-BAH2026\output - INFO - Running: python D:\chirag\IR-colorization-BAH2026\scripts\merge_rgb.py D:\chirag\IR-colorization-BAH2026\input\Chennai_Summer\SR_B4.tif D:\chirag\IR-colorization-BAH2026\input\Chennai_Summer\SR_B3.tif D:\chirag\IR-colorization-BAH2026\input\Chennai_Summer\SR_B2.tif D:\chirag\IR-colorization-BAH2026\output\rgb_images\Chennai_Summer_rgb_30m.tif
2026-09-08 23:47:13,559 - D:\chirag\IR-colorization-BAH2026\output - INFO - Running: python D:\chirag\IR-colorization-BAH2026\scripts\calibrate_tir.py D:\chirag\IR-colorization-BAH2026\input\Chennai_Summer\ST_B10.tif D:\chirag\IR-colorization-BAH2026\output\calibrated\Chennai_Summer_tir_kelvin.tif
2026-09-08 23:47:21,268 - D:\chirag\IR-colorization-BAH2026\output - INFO - Running: python D:\chirag\IR-colorization-BAH2026\scripts\downscale_qa.py D:\chirag\IR-colorization-BAH2026\input\Chennai_Summer\QA_PIXEL.tif D:\chirag\IR-colorization-BAH2026\input\Chennai_Summer\ST_B10.tif D:\chirag\IR-colorization-BAH2026\output\downscaled_data\Chennai_Summer_qainvalid_100m.tif 3.33
2026-09-08 23:47:22,752 - D:\chirag\IR-colorization-BAH2026\output - INFO - Running: python D:\chirag\IR-colorization-BAH2026\scripts\downscale_qa.py D:\chirag\IR-colorization-BAH2026\input\Chennai_Summer\QA_PIXEL.tif D:\chirag\IR-colorization-BAH2026\input\Chennai_Summer\ST_B10.tif D:\chirag\IR-colorization-BAH2026\output\downscaled_data\Chennai_Summer_qainvalid_200m.tif 6.67
2026-09-08 23:47:24,759 - D:\chirag\IR-colorization-BAH2026\output - INFO - Running: python D:\chirag\IR-colorization-BAH2026\scripts\downscale.py D:\chirag\IR-colorization-BAH2026\output\rgb_images\Chennai_Summer_rgb_30m.tif D:\chirag\IR-colorization-BAH2026\output\downscaled_data\Chennai_Summer_rgb_100m.tif 3.33
2026-09-08 23:47:28,642 - D:\chirag\IR-colorization-BAH2026\output - INFO - Running: python D:\chirag\IR-colorization-BAH2026\scripts\downscale.py D:\chirag\IR-colorization-BAH2026\output\calibrated\Chennai_Summer_tir_kelvin.tif D:\chirag\IR-colorization-BAH2026\output\downscaled_data\Chennai_Summer_tir_100m.tif 3.33
2026-09-08 23:47:30,906 - D:\chirag\IR-colorization-BAH2026\output - INFO - Running: python D:\chirag\IR-colorization-BAH2026\scripts\downscale.py D:\chirag\IR-colorization-BAH2026\output\calibrated\Chennai_Summer_tir_kelvin.tif D:\chirag\IR-colorization-BAH2026\output\downscaled_data\Chennai_Summer_tir_200m.tif 6.67 --mode psf_thermal
2026-09-08 23:47:34,052 - D:\chirag\IR-colorization-BAH2026\output - INFO - Running: python D:\chirag\IR-colorization-BAH2026\scripts\create_patches.py --input_dir D:\chirag\IR-colorization-BAH2026\output\downscaled_data --output_dir D:\chirag\IR-colorization-BAH2026\output\patches --geo_dir D:\chirag\IR-colorization-BAH2026\output\geo
2026-09-08 23:47:36,345 - D:\chirag\IR-colorization-BAH2026\output - WARNING - STDERR from create_patches.py:
2026-09-08 23:47:34,891 - create_patches - INFO - Found 1 products in D:\chirag\IR-colorization-BAH2026\output\downscaled_data
2026-09-08 23:47:35,004 - create_patches - INFO - Generating full dataset patches for Chennai_Summer...
2026-09-08 23:47:36,225 - create_patches - INFO - Successfully created 7 samples for Chennai_Summer (9 rejected for cloud/shadow/fill).

2026-09-08 23:47:36,345 - D:\chirag\IR-colorization-BAH2026\output - INFO - Successfully generated dataset samples for Chennai_Summer
2026-09-08 23:47:36,346 - D:\chirag\IR-colorization-BAH2026\output - INFO - Dataset generation finished. Samples available in output/patches
2026-09-08 23:56:38,082 - D:\chirag\IR-colorization-BAH2026\output - INFO - Processing product: Sydney_Winter
2026-09-08 23:56:38,163 - D:\chirag\IR-colorization-BAH2026\output - INFO - Saved native geo metadata for Sydney_Winter to D:\chirag\IR-colorization-BAH2026\output\geo\Sydney_Winter_native_geo.json
2026-09-08 23:56:38,164 - D:\chirag\IR-colorization-BAH2026\output - INFO - Running: python D:\chirag\IR-colorization-BAH2026\scripts\merge_rgb.py D:\chirag\IR-colorization-BAH2026\input\Sydney_Winter\SR_B4.tif D:\chirag\IR-colorization-BAH2026\input\Sydney_Winter\SR_B3.tif D:\chirag\IR-colorization-BAH2026\input\Sydney_Winter\SR_B2.tif D:\chirag\IR-colorization-BAH2026\output\rgb_images\Sydney_Winter_rgb_30m.tif
2026-09-08 23:57:02,261 - D:\chirag\IR-colorization-BAH2026\output - INFO - Running: python D:\chirag\IR-colorization-BAH2026\scripts\calibrate_tir.py D:\chirag\IR-colorization-BAH2026\input\Sydney_Winter\ST_B10.tif D:\chirag\IR-colorization-BAH2026\output\calibrated\Sydney_Winter_tir_kelvin.tif
2026-09-08 23:57:06,593 - D:\chirag\IR-colorization-BAH2026\output - INFO - Running: python D:\chirag\IR-colorization-BAH2026\scripts\downscale_qa.py D:\chirag\IR-colorization-BAH2026\input\Sydney_Winter\QA_PIXEL.tif D:\chirag\IR-colorization-BAH2026\input\Sydney_Winter\ST_B10.tif D:\chirag\IR-colorization-BAH2026\output\downscaled_data\Sydney_Winter_qainvalid_100m.tif 3.33
2026-09-08 23:57:07,812 - D:\chirag\IR-colorization-BAH2026\output - INFO - Running: python D:\chirag\IR-colorization-BAH2026\scripts\downscale_qa.py D:\chirag\IR-colorization-BAH2026\input\Sydney_Winter\QA_PIXEL.tif D:\chirag\IR-colorization-BAH2026\input\Sydney_Winter\ST_B10.tif D:\chirag\IR-colorization-BAH2026\output\downscaled_data\Sydney_Winter_qainvalid_200m.tif 6.67
2026-09-08 23:57:09,442 - D:\chirag\IR-colorization-BAH2026\output - INFO - Running: python D:\chirag\IR-colorization-BAH2026\scripts\downscale.py D:\chirag\IR-colorization-BAH2026\output\rgb_images\Sydney_Winter_rgb_30m.tif D:\chirag\IR-colorization-BAH2026\output\downscaled_data\Sydney_Winter_rgb_100m.tif 3.33
2026-09-08 23:57:12,557 - D:\chirag\IR-colorization-BAH2026\output - INFO - Running: python D:\chirag\IR-colorization-BAH2026\scripts\downscale.py D:\chirag\IR-colorization-BAH2026\output\calibrated\Sydney_Winter_tir_kelvin.tif D:\chirag\IR-colorization-BAH2026\output\downscaled_data\Sydney_Winter_tir_100m.tif 3.33
2026-09-08 23:57:14,407 - D:\chirag\IR-colorization-BAH2026\output - INFO - Running: python D:\chirag\IR-colorization-BAH2026\scripts\downscale.py D:\chirag\IR-colorization-BAH2026\output\calibrated\Sydney_Winter_tir_kelvin.tif D:\chirag\IR-colorization-BAH2026\output\downscaled_data\Sydney_Winter_tir_200m.tif 6.67 --mode psf_thermal
2026-09-08 23:57:15,910 - D:\chirag\IR-colorization-BAH2026\output - INFO - Running: python D:\chirag\IR-colorization-BAH2026\scripts\create_patches.py --input_dir D:\chirag\IR-colorization-BAH2026\output\downscaled_data --output_dir D:\chirag\IR-colorization-BAH2026\output\patches --geo_dir D:\chirag\IR-colorization-BAH2026\output\geo
2026-09-08 23:57:18,371 - D:\chirag\IR-colorization-BAH2026\output - WARNING - STDERR from create_patches.py:
2026-09-08 23:57:17,267 - create_patches - INFO - Found 1 products in D:\chirag\IR-colorization-BAH2026\output\downscaled_data
2026-09-08 23:57:17,362 - create_patches - INFO - Generating full dataset patches for Sydney_Winter...
2026-09-08 23:57:18,274 - create_patches - INFO - Successfully created 7 samples for Sydney_Winter (9 rejected for cloud/shadow/fill).

2026-09-08 23:57:18,371 - D:\chirag\IR-colorization-BAH2026\output - INFO - Successfully generated dataset samples for Sydney_Winter
2026-09-08 23:57:18,371 - D:\chirag\IR-colorization-BAH2026\output - INFO - Dataset generation finished. Samples available in output/patches
2026-09-09 00:04:43,509 - D:\chirag\IR-colorization-BAH2026\output - INFO - Processing product: Atacama_Winter
2026-09-09 00:04:43,623 - D:\chirag\IR-colorization-BAH2026\output - INFO - Saved native geo metadata for Atacama_Winter to D:\chirag\IR-colorization-BAH2026\output\geo\Atacama_Winter_native_geo.json
2026-09-09 00:04:43,623 - D:\chirag\IR-colorization-BAH2026\output - INFO - Running: python D:\chirag\IR-colorization-BAH2026\scripts\merge_rgb.py D:\chirag\IR-colorization-BAH2026\input\Atacama_Winter\SR_B4.tif D:\chirag\IR-colorization-BAH2026\input\Atacama_Winter\SR_B3.tif D:\chirag\IR-colorization-BAH2026\input\Atacama_Winter\SR_B2.tif D:\chirag\IR-colorization-BAH2026\output\rgb_images\Atacama_Winter_rgb_30m.tif
2026-09-09 00:05:11,065 - D:\chirag\IR-colorization-BAH2026\output - INFO - Running: python D:\chirag\IR-colorization-BAH2026\scripts\calibrate_tir.py D:\chirag\IR-colorization-BAH2026\input\Atacama_Winter\ST_B10.tif D:\chirag\IR-colorization-BAH2026\output\calibrated\Atacama_Winter_tir_kelvin.tif
2026-09-09 00:05:19,282 - D:\chirag\IR-colorization-BAH2026\output - INFO - Running: python D:\chirag\IR-colorization-BAH2026\scripts\downscale_qa.py D:\chirag\IR-colorization-BAH2026\input\Atacama_Winter\QA_PIXEL.tif D:\chirag\IR-colorization-BAH2026\input\Atacama_Winter\ST_B10.tif D:\chirag\IR-colorization-BAH2026\output\downscaled_data\Atacama_Winter_qainvalid_100m.tif 3.33
2026-09-09 00:05:20,651 - D:\chirag\IR-colorization-BAH2026\output - INFO - Running: python D:\chirag\IR-colorization-BAH2026\scripts\downscale_qa.py D:\chirag\IR-colorization-BAH2026\input\Atacama_Winter\QA_PIXEL.tif D:\chirag\IR-colorization-BAH2026\input\Atacama_Winter\ST_B10.tif D:\chirag\IR-colorization-BAH2026\output\downscaled_data\Atacama_Winter_qainvalid_200m.tif 6.67
2026-09-09 00:05:21,787 - D:\chirag\IR-colorization-BAH2026\output - INFO - Running: python D:\chirag\IR-colorization-BAH2026\scripts\downscale.py D:\chirag\IR-colorization-BAH2026\output\rgb_images\Atacama_Winter_rgb_30m.tif D:\chirag\IR-colorization-BAH2026\output\downscaled_data\Atacama_Winter_rgb_100m.tif 3.33
2026-09-09 00:05:24,238 - D:\chirag\IR-colorization-BAH2026\output - INFO - Running: python D:\chirag\IR-colorization-BAH2026\scripts\downscale.py D:\chirag\IR-colorization-BAH2026\output\calibrated\Atacama_Winter_tir_kelvin.tif D:\chirag\IR-colorization-BAH2026\output\downscaled_data\Atacama_Winter_tir_100m.tif 3.33
2026-09-09 00:05:26,551 - D:\chirag\IR-colorization-BAH2026\output - INFO - Running: python D:\chirag\IR-colorization-BAH2026\scripts\downscale.py D:\chirag\IR-colorization-BAH2026\output\calibrated\Atacama_Winter_tir_kelvin.tif D:\chirag\IR-colorization-BAH2026\output\downscaled_data\Atacama_Winter_tir_200m.tif 6.67 --mode psf_thermal
2026-09-09 00:05:28,502 - D:\chirag\IR-colorization-BAH2026\output - INFO - Running: python D:\chirag\IR-colorization-BAH2026\scripts\create_patches.py --input_dir D:\chirag\IR-colorization-BAH2026\output\downscaled_data --output_dir D:\chirag\IR-colorization-BAH2026\output\patches --geo_dir D:\chirag\IR-colorization-BAH2026\output\geo
2026-09-09 00:05:30,189 - D:\chirag\IR-colorization-BAH2026\output - WARNING - STDERR from create_patches.py:
2026-09-09 00:05:29,845 - create_patches - INFO - Found 1 products in D:\chirag\IR-colorization-BAH2026\output\downscaled_data
2026-09-09 00:05:30,020 - create_patches - INFO - Generating full dataset patches for Atacama_Winter...
2026-09-09 00:05:30,032 - create_patches - INFO - Successfully created 0 samples for Atacama_Winter (16 rejected for cloud/shadow/fill).

2026-09-09 00:05:30,193 - D:\chirag\IR-colorization-BAH2026\output - INFO - Successfully generated dataset samples for Atacama_Winter
2026-09-09 00:05:30,194 - D:\chirag\IR-colorization-BAH2026\output - INFO - Processing product: Sundarbans_Summer
2026-09-09 00:05:30,362 - D:\chirag\IR-colorization-BAH2026\output - INFO - Saved native geo metadata for Sundarbans_Summer to D:\chirag\IR-colorization-BAH2026\output\geo\Sundarbans_Summer_native_geo.json
2026-09-09 00:05:30,365 - D:\chirag\IR-colorization-BAH2026\output - INFO - Running: python D:\chirag\IR-colorization-BAH2026\scripts\merge_rgb.py D:\chirag\IR-colorization-BAH2026\input\Sundarbans_Summer\SR_B4.tif D:\chirag\IR-colorization-BAH2026\input\Sundarbans_Summer\SR_B3.tif D:\chirag\IR-colorization-BAH2026\input\Sundarbans_Summer\SR_B2.tif D:\chirag\IR-colorization-BAH2026\output\rgb_images\Sundarbans_Summer_rgb_30m.tif
2026-09-09 00:05:53,372 - D:\chirag\IR-colorization-BAH2026\output - INFO - Running: python D:\chirag\IR-colorization-BAH2026\scripts\calibrate_tir.py D:\chirag\IR-colorization-BAH2026\input\Sundarbans_Summer\ST_B10.tif D:\chirag\IR-colorization-BAH2026\output\calibrated\Sundarbans_Summer_tir_kelvin.tif
2026-09-09 00:05:57,429 - D:\chirag\IR-colorization-BAH2026\output - INFO - Running: python D:\chirag\IR-colorization-BAH2026\scripts\downscale_qa.py D:\chirag\IR-colorization-BAH2026\input\Sundarbans_Summer\QA_PIXEL.tif D:\chirag\IR-colorization-BAH2026\input\Sundarbans_Summer\ST_B10.tif D:\chirag\IR-colorization-BAH2026\output\downscaled_data\Sundarbans_Summer_qainvalid_100m.tif 3.33
2026-09-09 00:05:58,699 - D:\chirag\IR-colorization-BAH2026\output - INFO - Running: python D:\chirag\IR-colorization-BAH2026\scripts\downscale_qa.py D:\chirag\IR-colorization-BAH2026\input\Sundarbans_Summer\QA_PIXEL.tif D:\chirag\IR-colorization-BAH2026\input\Sundarbans_Summer\ST_B10.tif D:\chirag\IR-colorization-BAH2026\output\downscaled_data\Sundarbans_Summer_qainvalid_200m.tif 6.67
2026-09-09 00:05:59,991 - D:\chirag\IR-colorization-BAH2026\output - INFO - Running: python D:\chirag\IR-colorization-BAH2026\scripts\downscale.py D:\chirag\IR-colorization-BAH2026\output\rgb_images\Sundarbans_Summer_rgb_30m.tif D:\chirag\IR-colorization-BAH2026\output\downscaled_data\Sundarbans_Summer_rgb_100m.tif 3.33
2026-09-09 00:06:03,443 - D:\chirag\IR-colorization-BAH2026\output - INFO - Running: python D:\chirag\IR-colorization-BAH2026\scripts\downscale.py D:\chirag\IR-colorization-BAH2026\output\calibrated\Sundarbans_Summer_tir_kelvin.tif D:\chirag\IR-colorization-BAH2026\output\downscaled_data\Sundarbans_Summer_tir_100m.tif 3.33
2026-09-09 00:06:05,247 - D:\chirag\IR-colorization-BAH2026\output - INFO - Running: python D:\chirag\IR-colorization-BAH2026\scripts\downscale.py D:\chirag\IR-colorization-BAH2026\output\calibrated\Sundarbans_Summer_tir_kelvin.tif D:\chirag\IR-colorization-BAH2026\output\downscaled_data\Sundarbans_Summer_tir_200m.tif 6.67 --mode psf_thermal
2026-09-09 00:06:07,543 - D:\chirag\IR-colorization-BAH2026\output - INFO - Running: python D:\chirag\IR-colorization-BAH2026\scripts\create_patches.py --input_dir D:\chirag\IR-colorization-BAH2026\output\downscaled_data --output_dir D:\chirag\IR-colorization-BAH2026\output\patches --geo_dir D:\chirag\IR-colorization-BAH2026\output\geo
2026-09-09 00:06:10,168 - D:\chirag\IR-colorization-BAH2026\output - WARNING - STDERR from create_patches.py:
2026-09-09 00:06:08,414 - create_patches - INFO - Found 2 products in D:\chirag\IR-colorization-BAH2026\output\downscaled_data
2026-09-09 00:06:08,576 - create_patches - INFO - Generating full dataset patches for Sundarbans_Summer...
2026-09-09 00:06:09,669 - create_patches - INFO - Successfully created 7 samples for Sundarbans_Summer (9 rejected for cloud/shadow/fill).
2026-09-09 00:06:09,995 - create_patches - INFO - Generating full dataset patches for Atacama_Winter...
2026-09-09 00:06:10,005 - create_patches - INFO - Successfully created 0 samples for Atacama_Winter (16 rejected for cloud/shadow/fill).

2026-09-09 00:06:10,169 - D:\chirag\IR-colorization-BAH2026\output - INFO - Successfully generated dataset samples for Sundarbans_Summer
2026-09-09 00:06:10,170 - D:\chirag\IR-colorization-BAH2026\output - INFO - Dataset generation finished. Samples available in output/patches
2026-09-09 00:07:15,043 - D:\chirag\IR-colorization-BAH2026\output - INFO - Processing product: Ladakh_Summer
2026-09-09 00:07:15,262 - D:\chirag\IR-colorization-BAH2026\output - INFO - Saved native geo metadata for Ladakh_Summer to D:\chirag\IR-colorization-BAH2026\output\geo\Ladakh_Summer_native_geo.json
2026-09-09 00:07:15,263 - D:\chirag\IR-colorization-BAH2026\output - INFO - Running: python D:\chirag\IR-colorization-BAH2026\scripts\merge_rgb.py D:\chirag\IR-colorization-BAH2026\input\Ladakh_Summer\SR_B4.tif D:\chirag\IR-colorization-BAH2026\input\Ladakh_Summer\SR_B3.tif D:\chirag\IR-colorization-BAH2026\input\Ladakh_Summer\SR_B2.tif D:\chirag\IR-colorization-BAH2026\output\rgb_images\Ladakh_Summer_rgb_30m.tif
2026-09-09 00:07:51,366 - D:\chirag\IR-colorization-BAH2026\output - INFO - Running: python D:\chirag\IR-colorization-BAH2026\scripts\calibrate_tir.py D:\chirag\IR-colorization-BAH2026\input\Ladakh_Summer\ST_B10.tif D:\chirag\IR-colorization-BAH2026\output\calibrated\Ladakh_Summer_tir_kelvin.tif
2026-09-09 00:08:08,431 - D:\chirag\IR-colorization-BAH2026\output - INFO - Running: python D:\chirag\IR-colorization-BAH2026\scripts\downscale_qa.py D:\chirag\IR-colorization-BAH2026\input\Ladakh_Summer\QA_PIXEL.tif D:\chirag\IR-colorization-BAH2026\input\Ladakh_Summer\ST_B10.tif D:\chirag\IR-colorization-BAH2026\output\downscaled_data\Ladakh_Summer_qainvalid_100m.tif 3.33
2026-09-09 00:08:10,429 - D:\chirag\IR-colorization-BAH2026\output - INFO - Running: python D:\chirag\IR-colorization-BAH2026\scripts\downscale_qa.py D:\chirag\IR-colorization-BAH2026\input\Ladakh_Summer\QA_PIXEL.tif D:\chirag\IR-colorization-BAH2026\input\Ladakh_Summer\ST_B10.tif D:\chirag\IR-colorization-BAH2026\output\downscaled_data\Ladakh_Summer_qainvalid_200m.tif 6.67
2026-09-09 00:08:11,754 - D:\chirag\IR-colorization-BAH2026\output - INFO - Running: python D:\chirag\IR-colorization-BAH2026\scripts\downscale.py D:\chirag\IR-colorization-BAH2026\output\rgb_images\Ladakh_Summer_rgb_30m.tif D:\chirag\IR-colorization-BAH2026\output\downscaled_data\Ladakh_Summer_rgb_100m.tif 3.33
2026-09-09 00:08:16,138 - D:\chirag\IR-colorization-BAH2026\output - INFO - Running: python D:\chirag\IR-colorization-BAH2026\scripts\downscale.py D:\chirag\IR-colorization-BAH2026\output\calibrated\Ladakh_Summer_tir_kelvin.tif D:\chirag\IR-colorization-BAH2026\output\downscaled_data\Ladakh_Summer_tir_100m.tif 3.33
2026-09-09 00:08:17,482 - D:\chirag\IR-colorization-BAH2026\output - INFO - Running: python D:\chirag\IR-colorization-BAH2026\scripts\downscale.py D:\chirag\IR-colorization-BAH2026\output\calibrated\Ladakh_Summer_tir_kelvin.tif D:\chirag\IR-colorization-BAH2026\output\downscaled_data\Ladakh_Summer_tir_200m.tif 6.67 --mode psf_thermal
2026-09-09 00:08:19,497 - D:\chirag\IR-colorization-BAH2026\output - INFO - Running: python D:\chirag\IR-colorization-BAH2026\scripts\create_patches.py --input_dir D:\chirag\IR-colorization-BAH2026\output\downscaled_data --output_dir D:\chirag\IR-colorization-BAH2026\output\patches --geo_dir D:\chirag\IR-colorization-BAH2026\output\geo
2026-09-09 00:08:20,577 - D:\chirag\IR-colorization-BAH2026\output - WARNING - STDERR from create_patches.py:
2026-09-09 00:08:20,336 - create_patches - INFO - Found 1 products in D:\chirag\IR-colorization-BAH2026\output\downscaled_data
2026-09-09 00:08:20,487 - create_patches - INFO - Generating full dataset patches for Ladakh_Summer...
2026-09-09 00:08:20,492 - create_patches - INFO - Successfully created 0 samples for Ladakh_Summer (16 rejected for cloud/shadow/fill).

2026-09-09 00:08:20,578 - D:\chirag\IR-colorization-BAH2026\output - INFO - Successfully generated dataset samples for Ladakh_Summer
2026-09-09 00:08:20,578 - D:\chirag\IR-colorization-BAH2026\output - INFO - Processing product: Sundarbans_Summer
2026-09-09 00:08:20,613 - D:\chirag\IR-colorization-BAH2026\output - INFO - Saved native geo metadata for Sundarbans_Summer to D:\chirag\IR-colorization-BAH2026\output\geo\Sundarbans_Summer_native_geo.json
2026-09-09 00:08:20,614 - D:\chirag\IR-colorization-BAH2026\output - INFO - Running: python D:\chirag\IR-colorization-BAH2026\scripts\merge_rgb.py D:\chirag\IR-colorization-BAH2026\input\Sundarbans_Summer\SR_B4.tif D:\chirag\IR-colorization-BAH2026\input\Sundarbans_Summer\SR_B3.tif D:\chirag\IR-colorization-BAH2026\input\Sundarbans_Summer\SR_B2.tif D:\chirag\IR-colorization-BAH2026\output\rgb_images\Sundarbans_Summer_rgb_30m.tif
2026-09-09 00:08:51,322 - D:\chirag\IR-colorization-BAH2026\output - INFO - Running: python D:\chirag\IR-colorization-BAH2026\scripts\calibrate_tir.py D:\chirag\IR-colorization-BAH2026\input\Sundarbans_Summer\ST_B10.tif D:\chirag\IR-colorization-BAH2026\output\calibrated\Sundarbans_Summer_tir_kelvin.tif
2026-09-09 00:08:55,929 - D:\chirag\IR-colorization-BAH2026\output - INFO - Running: python D:\chirag\IR-colorization-BAH2026\scripts\downscale_qa.py D:\chirag\IR-colorization-BAH2026\input\Sundarbans_Summer\QA_PIXEL.tif D:\chirag\IR-colorization-BAH2026\input\Sundarbans_Summer\ST_B10.tif D:\chirag\IR-colorization-BAH2026\output\downscaled_data\Sundarbans_Summer_qainvalid_100m.tif 3.33
2026-09-09 00:08:57,497 - D:\chirag\IR-colorization-BAH2026\output - INFO - Running: python D:\chirag\IR-colorization-BAH2026\scripts\downscale_qa.py D:\chirag\IR-colorization-BAH2026\input\Sundarbans_Summer\QA_PIXEL.tif D:\chirag\IR-colorization-BAH2026\input\Sundarbans_Summer\ST_B10.tif D:\chirag\IR-colorization-BAH2026\output\downscaled_data\Sundarbans_Summer_qainvalid_200m.tif 6.67
2026-09-09 00:08:59,408 - D:\chirag\IR-colorization-BAH2026\output - INFO - Running: python D:\chirag\IR-colorization-BAH2026\scripts\downscale.py D:\chirag\IR-colorization-BAH2026\output\rgb_images\Sundarbans_Summer_rgb_30m.tif D:\chirag\IR-colorization-BAH2026\output\downscaled_data\Sundarbans_Summer_rgb_100m.tif 3.33
2026-09-09 00:09:03,756 - D:\chirag\IR-colorization-BAH2026\output - INFO - Running: python D:\chirag\IR-colorization-BAH2026\scripts\downscale.py D:\chirag\IR-colorization-BAH2026\output\calibrated\Sundarbans_Summer_tir_kelvin.tif D:\chirag\IR-colorization-BAH2026\output\downscaled_data\Sundarbans_Summer_tir_100m.tif 3.33
2026-09-09 00:09:09,602 - D:\chirag\IR-colorization-BAH2026\output - INFO - Running: python D:\chirag\IR-colorization-BAH2026\scripts\downscale.py D:\chirag\IR-colorization-BAH2026\output\calibrated\Sundarbans_Summer_tir_kelvin.tif D:\chirag\IR-colorization-BAH2026\output\downscaled_data\Sundarbans_Summer_tir_200m.tif 6.67 --mode psf_thermal
2026-09-09 00:09:12,611 - D:\chirag\IR-colorization-BAH2026\output - INFO - Running: python D:\chirag\IR-colorization-BAH2026\scripts\create_patches.py --input_dir D:\chirag\IR-colorization-BAH2026\output\downscaled_data --output_dir D:\chirag\IR-colorization-BAH2026\output\patches --geo_dir D:\chirag\IR-colorization-BAH2026\output\geo
2026-09-09 00:09:26,921 - D:\chirag\IR-colorization-BAH2026\output - WARNING - STDERR from create_patches.py:
2026-09-09 00:09:17,571 - create_patches - INFO - Found 2 products in D:\chirag\IR-colorization-BAH2026\output\downscaled_data
2026-09-09 00:09:21,445 - create_patches - INFO - Generating full dataset patches for Ladakh_Summer...
2026-09-09 00:09:21,458 - create_patches - INFO - Successfully created 0 samples for Ladakh_Summer (16 rejected for cloud/shadow/fill).
2026-09-09 00:09:21,930 - create_patches - INFO - Generating full dataset patches for Sundarbans_Summer...
2026-09-09 00:09:26,764 - create_patches - INFO - Successfully created 7 samples for Sundarbans_Summer (9 rejected for cloud/shadow/fill).

2026-09-09 00:09:26,936 - D:\chirag\IR-colorization-BAH2026\output - INFO - Successfully generated dataset samples for Sundarbans_Summer
2026-09-09 00:09:26,937 - D:\chirag\IR-colorization-BAH2026\output - INFO - Dataset generation finished. Samples available in output/patches
2026-09-09 00:49:39,495 - D:\chirag\IR-colorization-BAH2026\output - INFO - Processing product: Sundarbans_Summer
2026-09-09 00:49:39,726 - D:\chirag\IR-colorization-BAH2026\output - INFO - Saved native geo metadata for Sundarbans_Summer to D:\chirag\IR-colorization-BAH2026\output\geo\Sundarbans_Summer_native_geo.json
2026-09-09 00:49:39,727 - D:\chirag\IR-colorization-BAH2026\output - INFO - Running: python D:\chirag\IR-colorization-BAH2026\scripts\merge_rgb.py D:\chirag\IR-colorization-BAH2026\input\Sundarbans_Summer\SR_B4.tif D:\chirag\IR-colorization-BAH2026\input\Sundarbans_Summer\SR_B3.tif D:\chirag\IR-colorization-BAH2026\input\Sundarbans_Summer\SR_B2.tif D:\chirag\IR-colorization-BAH2026\output\rgb_images\Sundarbans_Summer_rgb_30m.tif
2026-09-09 00:50:03,577 - D:\chirag\IR-colorization-BAH2026\output - INFO - Running: python D:\chirag\IR-colorization-BAH2026\scripts\calibrate_tir.py D:\chirag\IR-colorization-BAH2026\input\Sundarbans_Summer\ST_B10.tif D:\chirag\IR-colorization-BAH2026\output\calibrated\Sundarbans_Summer_tir_kelvin.tif
2026-09-09 00:50:06,539 - D:\chirag\IR-colorization-BAH2026\output - INFO - Running: python D:\chirag\IR-colorization-BAH2026\scripts\downscale_qa.py D:\chirag\IR-colorization-BAH2026\input\Sundarbans_Summer\QA_PIXEL.tif D:\chirag\IR-colorization-BAH2026\input\Sundarbans_Summer\ST_B10.tif D:\chirag\IR-colorization-BAH2026\output\downscaled_data\Sundarbans_Summer_qainvalid_100m.tif 3.33
2026-09-09 00:50:07,729 - D:\chirag\IR-colorization-BAH2026\output - INFO - Running: python D:\chirag\IR-colorization-BAH2026\scripts\downscale_qa.py D:\chirag\IR-colorization-BAH2026\input\Sundarbans_Summer\QA_PIXEL.tif D:\chirag\IR-colorization-BAH2026\input\Sundarbans_Summer\ST_B10.tif D:\chirag\IR-colorization-BAH2026\output\downscaled_data\Sundarbans_Summer_qainvalid_200m.tif 6.67
2026-09-09 00:50:09,243 - D:\chirag\IR-colorization-BAH2026\output - INFO - Running: python D:\chirag\IR-colorization-BAH2026\scripts\downscale.py D:\chirag\IR-colorization-BAH2026\output\rgb_images\Sundarbans_Summer_rgb_30m.tif D:\chirag\IR-colorization-BAH2026\output\downscaled_data\Sundarbans_Summer_rgb_100m.tif 3.33
2026-09-09 00:50:11,793 - D:\chirag\IR-colorization-BAH2026\output - INFO - Running: python D:\chirag\IR-colorization-BAH2026\scripts\downscale.py D:\chirag\IR-colorization-BAH2026\output\calibrated\Sundarbans_Summer_tir_kelvin.tif D:\chirag\IR-colorization-BAH2026\output\downscaled_data\Sundarbans_Summer_tir_100m.tif 3.33
2026-09-09 00:50:13,406 - D:\chirag\IR-colorization-BAH2026\output - INFO - Running: python D:\chirag\IR-colorization-BAH2026\scripts\downscale.py D:\chirag\IR-colorization-BAH2026\output\calibrated\Sundarbans_Summer_tir_kelvin.tif D:\chirag\IR-colorization-BAH2026\output\downscaled_data\Sundarbans_Summer_tir_200m.tif 6.67 --mode psf_thermal
2026-09-09 00:50:14,788 - D:\chirag\IR-colorization-BAH2026\output - INFO - Running: python D:\chirag\IR-colorization-BAH2026\scripts\create_patches.py --input_dir D:\chirag\IR-colorization-BAH2026\output\downscaled_data --output_dir D:\chirag\IR-colorization-BAH2026\output\patches --geo_dir D:\chirag\IR-colorization-BAH2026\output\geo
2026-09-09 00:50:17,316 - D:\chirag\IR-colorization-BAH2026\output - WARNING - STDERR from create_patches.py:
2026-09-09 00:50:16,144 - create_patches - INFO - Found 1 products in D:\chirag\IR-colorization-BAH2026\output\downscaled_data
2026-09-09 00:50:16,258 - create_patches - INFO - Generating full dataset patches for Sundarbans_Summer...
2026-09-09 00:50:17,218 - create_patches - INFO - Successfully created 7 samples for Sundarbans_Summer (9 rejected for cloud/shadow/fill).

2026-09-09 00:50:17,317 - D:\chirag\IR-colorization-BAH2026\output - INFO - Successfully generated dataset samples for Sundarbans_Summer
2026-09-09 00:50:17,317 - D:\chirag\IR-colorization-BAH2026\output - INFO - Dataset generation finished. Samples available in output/patches
2026-09-09 00:58:33,156 - D:\chirag\IR-colorization-BAH2026\output - INFO - Processing product: Everglades_Winter
2026-09-09 00:58:33,230 - D:\chirag\IR-colorization-BAH2026\output - INFO - Saved native geo metadata for Everglades_Winter to D:\chirag\IR-colorization-BAH2026\output\geo\Everglades_Winter_native_geo.json
2026-09-09 00:58:33,231 - D:\chirag\IR-colorization-BAH2026\output - INFO - Running: python D:\chirag\IR-colorization-BAH2026\scripts\merge_rgb.py D:\chirag\IR-colorization-BAH2026\input\Everglades_Winter\SR_B4.tif D:\chirag\IR-colorization-BAH2026\input\Everglades_Winter\SR_B3.tif D:\chirag\IR-colorization-BAH2026\input\Everglades_Winter\SR_B2.tif D:\chirag\IR-colorization-BAH2026\output\rgb_images\Everglades_Winter_rgb_30m.tif
2026-09-09 00:58:55,539 - D:\chirag\IR-colorization-BAH2026\output - INFO - Running: python D:\chirag\IR-colorization-BAH2026\scripts\calibrate_tir.py D:\chirag\IR-colorization-BAH2026\input\Everglades_Winter\ST_B10.tif D:\chirag\IR-colorization-BAH2026\output\calibrated\Everglades_Winter_tir_kelvin.tif
2026-09-09 00:58:58,875 - D:\chirag\IR-colorization-BAH2026\output - INFO - Running: python D:\chirag\IR-colorization-BAH2026\scripts\downscale_qa.py D:\chirag\IR-colorization-BAH2026\input\Everglades_Winter\QA_PIXEL.tif D:\chirag\IR-colorization-BAH2026\input\Everglades_Winter\ST_B10.tif D:\chirag\IR-colorization-BAH2026\output\downscaled_data\Everglades_Winter_qainvalid_100m.tif 3.33
2026-09-09 00:58:59,929 - D:\chirag\IR-colorization-BAH2026\output - INFO - Running: python D:\chirag\IR-colorization-BAH2026\scripts\downscale_qa.py D:\chirag\IR-colorization-BAH2026\input\Everglades_Winter\QA_PIXEL.tif D:\chirag\IR-colorization-BAH2026\input\Everglades_Winter\ST_B10.tif D:\chirag\IR-colorization-BAH2026\output\downscaled_data\Everglades_Winter_qainvalid_200m.tif 6.67
2026-09-09 00:59:01,010 - D:\chirag\IR-colorization-BAH2026\output - INFO - Running: python D:\chirag\IR-colorization-BAH2026\scripts\downscale.py D:\chirag\IR-colorization-BAH2026\output\rgb_images\Everglades_Winter_rgb_30m.tif D:\chirag\IR-colorization-BAH2026\output\downscaled_data\Everglades_Winter_rgb_100m.tif 3.33
2026-09-09 00:59:02,678 - D:\chirag\IR-colorization-BAH2026\output - INFO - Running: python D:\chirag\IR-colorization-BAH2026\scripts\downscale.py D:\chirag\IR-colorization-BAH2026\output\calibrated\Everglades_Winter_tir_kelvin.tif D:\chirag\IR-colorization-BAH2026\output\downscaled_data\Everglades_Winter_tir_100m.tif 3.33
2026-09-09 00:59:03,433 - D:\chirag\IR-colorization-BAH2026\output - INFO - Running: python D:\chirag\IR-colorization-BAH2026\scripts\downscale.py D:\chirag\IR-colorization-BAH2026\output\calibrated\Everglades_Winter_tir_kelvin.tif D:\chirag\IR-colorization-BAH2026\output\downscaled_data\Everglades_Winter_tir_200m.tif 6.67 --mode psf_thermal
2026-09-09 00:59:04,794 - D:\chirag\IR-colorization-BAH2026\output - INFO - Running: python D:\chirag\IR-colorization-BAH2026\scripts\create_patches.py --input_dir D:\chirag\IR-colorization-BAH2026\output\downscaled_data --output_dir D:\chirag\IR-colorization-BAH2026\output\patches --geo_dir D:\chirag\IR-colorization-BAH2026\output\geo
2026-09-09 00:59:07,675 - D:\chirag\IR-colorization-BAH2026\output - WARNING - STDERR from create_patches.py:
2026-09-09 00:59:06,352 - create_patches - INFO - Found 1 products in D:\chirag\IR-colorization-BAH2026\output\downscaled_data
2026-09-09 00:59:06,473 - create_patches - INFO - Generating full dataset patches for Everglades_Winter...
2026-09-09 00:59:07,473 - create_patches - INFO - Successfully created 5 samples for Everglades_Winter (11 rejected for cloud/shadow/fill).

2026-09-09 00:59:07,677 - D:\chirag\IR-colorization-BAH2026\output - INFO - Successfully generated dataset samples for Everglades_Winter
2026-09-09 00:59:07,678 - D:\chirag\IR-colorization-BAH2026\output - INFO - Dataset generation finished. Samples available in output/patches
2026-09-09 19:10:39,203 - D:\chirag\IR-colorization-BAH2026\output - INFO - Processing product: Atacama_Winter
2026-09-09 19:10:39,608 - D:\chirag\IR-colorization-BAH2026\output - INFO - Saved native geo metadata for Atacama_Winter to D:\chirag\IR-colorization-BAH2026\output\geo\Atacama_Winter_native_geo.json
2026-09-09 19:10:39,608 - D:\chirag\IR-colorization-BAH2026\output - INFO - Running: python D:\chirag\IR-colorization-BAH2026\scripts\merge_rgb.py D:\chirag\IR-colorization-BAH2026\input\Atacama_Winter\SR_B4.tif D:\chirag\IR-colorization-BAH2026\input\Atacama_Winter\SR_B3.tif D:\chirag\IR-colorization-BAH2026\input\Atacama_Winter\SR_B2.tif D:\chirag\IR-colorization-BAH2026\output\rgb_images\Atacama_Winter_rgb_30m.tif
2026-09-09 19:11:22,148 - D:\chirag\IR-colorization-BAH2026\output - INFO - Running: python D:\chirag\IR-colorization-BAH2026\scripts\calibrate_tir.py D:\chirag\IR-colorization-BAH2026\input\Atacama_Winter\ST_B10.tif D:\chirag\IR-colorization-BAH2026\output\calibrated\Atacama_Winter_tir_kelvin.tif
2026-09-09 19:11:25,605 - D:\chirag\IR-colorization-BAH2026\output - INFO - Running: python D:\chirag\IR-colorization-BAH2026\scripts\downscale_qa.py D:\chirag\IR-colorization-BAH2026\input\Atacama_Winter\QA_PIXEL.tif D:\chirag\IR-colorization-BAH2026\input\Atacama_Winter\ST_B10.tif D:\chirag\IR-colorization-BAH2026\output\downscaled_data\Atacama_Winter_qainvalid_100m.tif 3.33
2026-09-09 19:11:27,549 - D:\chirag\IR-colorization-BAH2026\output - INFO - Running: python D:\chirag\IR-colorization-BAH2026\scripts\downscale_qa.py D:\chirag\IR-colorization-BAH2026\input\Atacama_Winter\QA_PIXEL.tif D:\chirag\IR-colorization-BAH2026\input\Atacama_Winter\ST_B10.tif D:\chirag\IR-colorization-BAH2026\output\downscaled_data\Atacama_Winter_qainvalid_200m.tif 6.67
2026-09-09 19:11:29,598 - D:\chirag\IR-colorization-BAH2026\output - INFO - Running: python D:\chirag\IR-colorization-BAH2026\scripts\downscale.py D:\chirag\IR-colorization-BAH2026\output\rgb_images\Atacama_Winter_rgb_30m.tif D:\chirag\IR-colorization-BAH2026\output\downscaled_data\Atacama_Winter_rgb_100m.tif 3.33
2026-09-09 19:11:32,096 - D:\chirag\IR-colorization-BAH2026\output - INFO - Running: python D:\chirag\IR-colorization-BAH2026\scripts\downscale.py D:\chirag\IR-colorization-BAH2026\output\calibrated\Atacama_Winter_tir_kelvin.tif D:\chirag\IR-colorization-BAH2026\output\downscaled_data\Atacama_Winter_tir_100m.tif 3.33
2026-09-09 19:11:32,795 - D:\chirag\IR-colorization-BAH2026\output - INFO - Running: python D:\chirag\IR-colorization-BAH2026\scripts\downscale.py D:\chirag\IR-colorization-BAH2026\output\calibrated\Atacama_Winter_tir_kelvin.tif D:\chirag\IR-colorization-BAH2026\output\downscaled_data\Atacama_Winter_tir_200m.tif 6.67 --mode psf_thermal
2026-09-09 19:11:34,324 - D:\chirag\IR-colorization-BAH2026\output - INFO - Running: python D:\chirag\IR-colorization-BAH2026\scripts\create_patches.py --input_dir D:\chirag\IR-colorization-BAH2026\output\downscaled_data --output_dir D:\chirag\IR-colorization-BAH2026\output\patches --geo_dir D:\chirag\IR-colorization-BAH2026\output\geo
2026-09-09 19:11:35,749 - D:\chirag\IR-colorization-BAH2026\output - WARNING - STDERR from create_patches.py:
2026-09-09 19:11:35,434 - create_patches - INFO - Found 1 products in D:\chirag\IR-colorization-BAH2026\output\downscaled_data
2026-09-09 19:11:35,546 - create_patches - INFO - Generating full dataset patches for Atacama_Winter...
2026-09-09 19:11:35,565 - create_patches - INFO - Successfully created 0 samples for Atacama_Winter (16 rejected for cloud/shadow/fill).

2026-09-09 19:11:35,750 - D:\chirag\IR-colorization-BAH2026\output - INFO - Successfully generated dataset samples for Atacama_Winter
2026-09-09 19:11:35,750 - D:\chirag\IR-colorization-BAH2026\output - INFO - Processing product: Mumbai_Summer
2026-09-09 19:11:35,752 - D:\chirag\IR-colorization-BAH2026\output - WARNING - Skipping Mumbai_Summer: Missing required bands.
2026-09-09 19:11:35,753 - D:\chirag\IR-colorization-BAH2026\output - INFO - Dataset generation finished. Samples available in output/patches
2026-09-09 19:14:44,081 - D:\chirag\IR-colorization-BAH2026\output - INFO - Processing product: Ladakh_Summer
2026-09-09 19:14:44,151 - D:\chirag\IR-colorization-BAH2026\output - INFO - Saved native geo metadata for Ladakh_Summer to D:\chirag\IR-colorization-BAH2026\output\geo\Ladakh_Summer_native_geo.json
2026-09-09 19:14:44,151 - D:\chirag\IR-colorization-BAH2026\output - INFO - Running: python D:\chirag\IR-colorization-BAH2026\scripts\merge_rgb.py D:\chirag\IR-colorization-BAH2026\input\Ladakh_Summer\SR_B4.tif D:\chirag\IR-colorization-BAH2026\input\Ladakh_Summer\SR_B3.tif D:\chirag\IR-colorization-BAH2026\input\Ladakh_Summer\SR_B2.tif D:\chirag\IR-colorization-BAH2026\output\rgb_images\Ladakh_Summer_rgb_30m.tif
2026-09-09 19:15:02,359 - D:\chirag\IR-colorization-BAH2026\output - INFO - Running: python D:\chirag\IR-colorization-BAH2026\scripts\calibrate_tir.py D:\chirag\IR-colorization-BAH2026\input\Ladakh_Summer\ST_B10.tif D:\chirag\IR-colorization-BAH2026\output\calibrated\Ladakh_Summer_tir_kelvin.tif
2026-09-09 19:15:12,383 - D:\chirag\IR-colorization-BAH2026\output - INFO - Running: python D:\chirag\IR-colorization-BAH2026\scripts\downscale_qa.py D:\chirag\IR-colorization-BAH2026\input\Ladakh_Summer\QA_PIXEL.tif D:\chirag\IR-colorization-BAH2026\input\Ladakh_Summer\ST_B10.tif D:\chirag\IR-colorization-BAH2026\output\downscaled_data\Ladakh_Summer_qainvalid_100m.tif 3.33
2026-09-09 19:15:13,793 - D:\chirag\IR-colorization-BAH2026\output - INFO - Running: python D:\chirag\IR-colorization-BAH2026\scripts\downscale_qa.py D:\chirag\IR-colorization-BAH2026\input\Ladakh_Summer\QA_PIXEL.tif D:\chirag\IR-colorization-BAH2026\input\Ladakh_Summer\ST_B10.tif D:\chirag\IR-colorization-BAH2026\output\downscaled_data\Ladakh_Summer_qainvalid_200m.tif 6.67
2026-09-09 19:15:15,106 - D:\chirag\IR-colorization-BAH2026\output - INFO - Running: python D:\chirag\IR-colorization-BAH2026\scripts\downscale.py D:\chirag\IR-colorization-BAH2026\output\rgb_images\Ladakh_Summer_rgb_30m.tif D:\chirag\IR-colorization-BAH2026\output\downscaled_data\Ladakh_Summer_rgb_100m.tif 3.33
2026-09-09 19:15:29,315 - D:\chirag\IR-colorization-BAH2026\output - INFO - Running: python D:\chirag\IR-colorization-BAH2026\scripts\downscale.py D:\chirag\IR-colorization-BAH2026\output\calibrated\Ladakh_Summer_tir_kelvin.tif D:\chirag\IR-colorization-BAH2026\output\downscaled_data\Ladakh_Summer_tir_100m.tif 3.33
2026-09-09 19:15:30,102 - D:\chirag\IR-colorization-BAH2026\output - INFO - Running: python D:\chirag\IR-colorization-BAH2026\scripts\downscale.py D:\chirag\IR-colorization-BAH2026\output\calibrated\Ladakh_Summer_tir_kelvin.tif D:\chirag\IR-colorization-BAH2026\output\downscaled_data\Ladakh_Summer_tir_200m.tif 6.67 --mode psf_thermal
2026-09-09 19:15:31,119 - D:\chirag\IR-colorization-BAH2026\output - INFO - Running: python D:\chirag\IR-colorization-BAH2026\scripts\create_patches.py --input_dir D:\chirag\IR-colorization-BAH2026\output\downscaled_data --output_dir D:\chirag\IR-colorization-BAH2026\output\patches --geo_dir D:\chirag\IR-colorization-BAH2026\output\geo
2026-09-09 19:15:32,034 - D:\chirag\IR-colorization-BAH2026\output - WARNING - STDERR from create_patches.py:
2026-09-09 19:15:31,780 - create_patches - INFO - Found 1 products in D:\chirag\IR-colorization-BAH2026\output\downscaled_data
2026-09-09 19:15:31,845 - create_patches - INFO - Generating full dataset patches for Ladakh_Summer...
2026-09-09 19:15:31,849 - create_patches - INFO - Successfully created 0 samples for Ladakh_Summer (16 rejected for cloud/shadow/fill).

2026-09-09 19:15:32,034 - D:\chirag\IR-colorization-BAH2026\output - INFO - Successfully generated dataset samples for Ladakh_Summer
2026-09-09 19:15:32,034 - D:\chirag\IR-colorization-BAH2026\output - INFO - Processing product: Mumbai_Summer
2026-09-09 19:15:32,036 - D:\chirag\IR-colorization-BAH2026\output - WARNING - Skipping Mumbai_Summer: Missing required bands.
2026-09-09 19:15:32,036 - D:\chirag\IR-colorization-BAH2026\output - INFO - Dataset generation finished. Samples available in output/patches
2026-09-09 19:37:12,274 - D:\chirag\IR-colorization-BAH2026\output - INFO - Processing product: Mumbai_Summer
2026-09-09 19:37:12,659 - D:\chirag\IR-colorization-BAH2026\output - INFO - Saved native geo metadata for Mumbai_Summer to D:\chirag\IR-colorization-BAH2026\output\geo\Mumbai_Summer_native_geo.json
2026-09-09 19:37:12,660 - D:\chirag\IR-colorization-BAH2026\output - INFO - Running: python D:\chirag\IR-colorization-BAH2026\scripts\merge_rgb.py D:\chirag\IR-colorization-BAH2026\input\Mumbai_Summer\SR_B4.tif D:\chirag\IR-colorization-BAH2026\input\Mumbai_Summer\SR_B3.tif D:\chirag\IR-colorization-BAH2026\input\Mumbai_Summer\SR_B2.tif D:\chirag\IR-colorization-BAH2026\output\rgb_images\Mumbai_Summer_rgb_30m.tif
2026-09-09 19:38:02,835 - D:\chirag\IR-colorization-BAH2026\output - INFO - Running: python D:\chirag\IR-colorization-BAH2026\scripts\calibrate_tir.py D:\chirag\IR-colorization-BAH2026\input\Mumbai_Summer\ST_B10.tif D:\chirag\IR-colorization-BAH2026\output\calibrated\Mumbai_Summer_tir_kelvin.tif
2026-09-09 19:38:06,357 - D:\chirag\IR-colorization-BAH2026\output - INFO - Running: python D:\chirag\IR-colorization-BAH2026\scripts\downscale_qa.py D:\chirag\IR-colorization-BAH2026\input\Mumbai_Summer\QA_PIXEL.tif D:\chirag\IR-colorization-BAH2026\input\Mumbai_Summer\ST_B10.tif D:\chirag\IR-colorization-BAH2026\output\downscaled_data\Mumbai_Summer_qainvalid_100m.tif 3.33
2026-09-09 19:38:07,588 - D:\chirag\IR-colorization-BAH2026\output - INFO - Running: python D:\chirag\IR-colorization-BAH2026\scripts\downscale_qa.py D:\chirag\IR-colorization-BAH2026\input\Mumbai_Summer\QA_PIXEL.tif D:\chirag\IR-colorization-BAH2026\input\Mumbai_Summer\ST_B10.tif D:\chirag\IR-colorization-BAH2026\output\downscaled_data\Mumbai_Summer_qainvalid_200m.tif 6.67
2026-09-09 19:38:08,736 - D:\chirag\IR-colorization-BAH2026\output - INFO - Running: python D:\chirag\IR-colorization-BAH2026\scripts\downscale.py D:\chirag\IR-colorization-BAH2026\output\rgb_images\Mumbai_Summer_rgb_30m.tif D:\chirag\IR-colorization-BAH2026\output\downscaled_data\Mumbai_Summer_rgb_100m.tif 3.33
2026-09-09 19:38:11,379 - D:\chirag\IR-colorization-BAH2026\output - INFO - Running: python D:\chirag\IR-colorization-BAH2026\scripts\downscale.py D:\chirag\IR-colorization-BAH2026\output\calibrated\Mumbai_Summer_tir_kelvin.tif D:\chirag\IR-colorization-BAH2026\output\downscaled_data\Mumbai_Summer_tir_100m.tif 3.33
2026-09-09 19:38:12,680 - D:\chirag\IR-colorization-BAH2026\output - INFO - Running: python D:\chirag\IR-colorization-BAH2026\scripts\downscale.py D:\chirag\IR-colorization-BAH2026\output\calibrated\Mumbai_Summer_tir_kelvin.tif D:\chirag\IR-colorization-BAH2026\output\downscaled_data\Mumbai_Summer_tir_200m.tif 6.67 --mode psf_thermal
2026-09-09 19:38:15,263 - D:\chirag\IR-colorization-BAH2026\output - INFO - Running: python D:\chirag\IR-colorization-BAH2026\scripts\create_patches.py --input_dir D:\chirag\IR-colorization-BAH2026\output\downscaled_data --output_dir D:\chirag\IR-colorization-BAH2026\output\patches --geo_dir D:\chirag\IR-colorization-BAH2026\output\geo
2026-09-09 19:38:17,119 - D:\chirag\IR-colorization-BAH2026\output - WARNING - STDERR from create_patches.py:
2026-09-09 19:38:16,012 - create_patches - INFO - Found 1 products in D:\chirag\IR-colorization-BAH2026\output\downscaled_data
2026-09-09 19:38:16,159 - create_patches - INFO - Generating full dataset patches for Mumbai_Summer...
2026-09-09 19:38:17,028 - create_patches - INFO - Successfully created 8 samples for Mumbai_Summer (8 rejected for cloud/shadow/fill).

2026-09-09 19:38:17,119 - D:\chirag\IR-colorization-BAH2026\output - INFO - Successfully generated dataset samples for Mumbai_Summer
2026-09-09 19:38:17,120 - D:\chirag\IR-colorization-BAH2026\output - INFO - Dataset generation finished. Samples available in output/patches
2026-09-09 19:42:05,803 - D:\chirag\IR-colorization-BAH2026\output - INFO - Processing product: Mumbai_Summer
2026-09-09 19:42:05,887 - D:\chirag\IR-colorization-BAH2026\output - INFO - Saved native geo metadata for Mumbai_Summer to D:\chirag\IR-colorization-BAH2026\output\geo\Mumbai_Summer_native_geo.json
2026-09-09 19:42:05,887 - D:\chirag\IR-colorization-BAH2026\output - INFO - Running: python D:\chirag\IR-colorization-BAH2026\scripts\merge_rgb.py D:\chirag\IR-colorization-BAH2026\input\Mumbai_Summer\SR_B4.tif D:\chirag\IR-colorization-BAH2026\input\Mumbai_Summer\SR_B3.tif D:\chirag\IR-colorization-BAH2026\input\Mumbai_Summer\SR_B2.tif D:\chirag\IR-colorization-BAH2026\output\rgb_images\Mumbai_Summer_rgb_30m.tif
2026-09-09 19:42:24,763 - D:\chirag\IR-colorization-BAH2026\output - INFO - Running: python D:\chirag\IR-colorization-BAH2026\scripts\calibrate_tir.py D:\chirag\IR-colorization-BAH2026\input\Mumbai_Summer\ST_B10.tif D:\chirag\IR-colorization-BAH2026\output\calibrated\Mumbai_Summer_tir_kelvin.tif
2026-09-09 19:42:27,706 - D:\chirag\IR-colorization-BAH2026\output - INFO - Running: python D:\chirag\IR-colorization-BAH2026\scripts\downscale_qa.py D:\chirag\IR-colorization-BAH2026\input\Mumbai_Summer\QA_PIXEL.tif D:\chirag\IR-colorization-BAH2026\input\Mumbai_Summer\ST_B10.tif D:\chirag\IR-colorization-BAH2026\output\downscaled_data\Mumbai_Summer_qainvalid_100m.tif 3.33
2026-09-09 19:42:30,076 - D:\chirag\IR-colorization-BAH2026\output - INFO - Running: python D:\chirag\IR-colorization-BAH2026\scripts\downscale_qa.py D:\chirag\IR-colorization-BAH2026\input\Mumbai_Summer\QA_PIXEL.tif D:\chirag\IR-colorization-BAH2026\input\Mumbai_Summer\ST_B10.tif D:\chirag\IR-colorization-BAH2026\output\downscaled_data\Mumbai_Summer_qainvalid_200m.tif 6.67
2026-09-09 19:42:31,731 - D:\chirag\IR-colorization-BAH2026\output - INFO - Running: python D:\chirag\IR-colorization-BAH2026\scripts\downscale.py D:\chirag\IR-colorization-BAH2026\output\rgb_images\Mumbai_Summer_rgb_30m.tif D:\chirag\IR-colorization-BAH2026\output\downscaled_data\Mumbai_Summer_rgb_100m.tif 3.33
2026-09-09 19:42:34,212 - D:\chirag\IR-colorization-BAH2026\output - INFO - Running: python D:\chirag\IR-colorization-BAH2026\scripts\downscale.py D:\chirag\IR-colorization-BAH2026\output\calibrated\Mumbai_Summer_tir_kelvin.tif D:\chirag\IR-colorization-BAH2026\output\downscaled_data\Mumbai_Summer_tir_100m.tif 3.33
2026-09-09 19:42:34,961 - D:\chirag\IR-colorization-BAH2026\output - INFO - Running: python D:\chirag\IR-colorization-BAH2026\scripts\downscale.py D:\chirag\IR-colorization-BAH2026\output\calibrated\Mumbai_Summer_tir_kelvin.tif D:\chirag\IR-colorization-BAH2026\output\downscaled_data\Mumbai_Summer_tir_200m.tif 6.67 --mode psf_thermal
2026-09-09 19:42:36,095 - D:\chirag\IR-colorization-BAH2026\output - INFO - Running: python D:\chirag\IR-colorization-BAH2026\scripts\create_patches.py --input_dir D:\chirag\IR-colorization-BAH2026\output\downscaled_data --output_dir D:\chirag\IR-colorization-BAH2026\output\patches --geo_dir D:\chirag\IR-colorization-BAH2026\output\geo
2026-09-09 19:42:38,056 - D:\chirag\IR-colorization-BAH2026\output - WARNING - STDERR from create_patches.py:
2026-09-09 19:42:36,767 - create_patches - INFO - Found 1 products in D:\chirag\IR-colorization-BAH2026\output\downscaled_data
2026-09-09 19:42:36,825 - create_patches - INFO - Generating full dataset patches for Mumbai_Summer...
2026-09-09 19:42:37,919 - create_patches - INFO - Successfully created 8 samples for Mumbai_Summer (8 rejected for cloud/shadow/fill).

2026-09-09 19:42:38,059 - D:\chirag\IR-colorization-BAH2026\output - INFO - Successfully generated dataset samples for Mumbai_Summer
2026-09-09 19:42:38,060 - D:\chirag\IR-colorization-BAH2026\output - INFO - Processing product: NewYorkCity_Winter
2026-09-09 19:42:38,065 - D:\chirag\IR-colorization-BAH2026\output - WARNING - Skipping NewYorkCity_Winter: Missing required bands.
2026-09-09 19:42:38,066 - D:\chirag\IR-colorization-BAH2026\output - INFO - Dataset generation finished. Samples available in output/patches
2026-09-09 20:18:51,391 - D:\chirag\IR-colorization-BAH2026\output - INFO - Processing product: Atacama_Winter
2026-09-09 20:18:55,514 - D:\chirag\IR-colorization-BAH2026\output - INFO - Saved native geo metadata for Atacama_Winter to D:\chirag\IR-colorization-BAH2026\output\geo\Atacama_Winter_native_geo.json
2026-09-09 20:18:55,516 - D:\chirag\IR-colorization-BAH2026\output - INFO - Running: python D:\chirag\IR-colorization-BAH2026\scripts\merge_rgb.py D:\chirag\IR-colorization-BAH2026\input\Atacama_Winter\SR_B4.tif D:\chirag\IR-colorization-BAH2026\input\Atacama_Winter\SR_B3.tif D:\chirag\IR-colorization-BAH2026\input\Atacama_Winter\SR_B2.tif D:\chirag\IR-colorization-BAH2026\output\rgb_images\Atacama_Winter_rgb_30m.tif
2026-09-09 20:20:04,287 - D:\chirag\IR-colorization-BAH2026\output - INFO - Running: python D:\chirag\IR-colorization-BAH2026\scripts\calibrate_tir.py D:\chirag\IR-colorization-BAH2026\input\Atacama_Winter\ST_B10.tif D:\chirag\IR-colorization-BAH2026\output\calibrated\Atacama_Winter_tir_kelvin.tif
2026-09-09 20:20:10,678 - D:\chirag\IR-colorization-BAH2026\output - INFO - Running: python D:\chirag\IR-colorization-BAH2026\scripts\downscale_qa.py D:\chirag\IR-colorization-BAH2026\input\Atacama_Winter\QA_PIXEL.tif D:\chirag\IR-colorization-BAH2026\input\Atacama_Winter\ST_B10.tif D:\chirag\IR-colorization-BAH2026\output\downscaled_data\Atacama_Winter_qainvalid_100m.tif 3.33
2026-09-09 20:20:13,840 - D:\chirag\IR-colorization-BAH2026\output - INFO - Running: python D:\chirag\IR-colorization-BAH2026\scripts\downscale_qa.py D:\chirag\IR-colorization-BAH2026\input\Atacama_Winter\QA_PIXEL.tif D:\chirag\IR-colorization-BAH2026\input\Atacama_Winter\ST_B10.tif D:\chirag\IR-colorization-BAH2026\output\downscaled_data\Atacama_Winter_qainvalid_200m.tif 6.67
2026-09-09 20:20:15,788 - D:\chirag\IR-colorization-BAH2026\output - INFO - Running: python D:\chirag\IR-colorization-BAH2026\scripts\downscale.py D:\chirag\IR-colorization-BAH2026\output\rgb_images\Atacama_Winter_rgb_30m.tif D:\chirag\IR-colorization-BAH2026\output\downscaled_data\Atacama_Winter_rgb_100m.tif 3.33
2026-09-09 20:20:22,650 - D:\chirag\IR-colorization-BAH2026\output - INFO - Running: python D:\chirag\IR-colorization-BAH2026\scripts\downscale.py D:\chirag\IR-colorization-BAH2026\output\calibrated\Atacama_Winter_tir_kelvin.tif D:\chirag\IR-colorization-BAH2026\output\downscaled_data\Atacama_Winter_tir_100m.tif 3.33
2026-09-09 20:20:25,663 - D:\chirag\IR-colorization-BAH2026\output - INFO - Running: python D:\chirag\IR-colorization-BAH2026\scripts\downscale.py D:\chirag\IR-colorization-BAH2026\output\calibrated\Atacama_Winter_tir_kelvin.tif D:\chirag\IR-colorization-BAH2026\output\downscaled_data\Atacama_Winter_tir_200m.tif 6.67 --mode psf_thermal
2026-09-09 20:20:28,209 - D:\chirag\IR-colorization-BAH2026\output - INFO - Running: python D:\chirag\IR-colorization-BAH2026\scripts\create_patches.py --input_dir D:\chirag\IR-colorization-BAH2026\output\downscaled_data --output_dir D:\chirag\IR-colorization-BAH2026\output\patches --geo_dir D:\chirag\IR-colorization-BAH2026\output\geo
2026-09-09 20:20:29,753 - D:\chirag\IR-colorization-BAH2026\output - WARNING - STDERR from create_patches.py:
2026-09-09 20:20:29,411 - create_patches - INFO - Found 1 products in D:\chirag\IR-colorization-BAH2026\output\downscaled_data
2026-09-09 20:20:29,610 - create_patches - INFO - Generating full dataset patches for Atacama_Winter...
2026-09-09 20:20:29,617 - create_patches - INFO - Successfully created 0 samples for Atacama_Winter (16 rejected for cloud/shadow/fill).

2026-09-09 20:20:29,753 - D:\chirag\IR-colorization-BAH2026\output - INFO - Successfully generated dataset samples for Atacama_Winter
2026-09-09 20:20:29,754 - D:\chirag\IR-colorization-BAH2026\output - INFO - Processing product: NewYorkCity_Winter
2026-09-09 20:20:29,766 - D:\chirag\IR-colorization-BAH2026\output - WARNING - Skipping NewYorkCity_Winter: Missing required bands.
2026-09-09 20:20:29,766 - D:\chirag\IR-colorization-BAH2026\output - INFO - Dataset generation finished. Samples available in output/patches
2026-09-09 20:35:59,542 - D:\chirag\IR-colorization-BAH2026\output - INFO - Processing product: Atacama_Winter
2026-09-09 20:36:00,119 - D:\chirag\IR-colorization-BAH2026\output - INFO - Saved native geo metadata for Atacama_Winter to D:\chirag\IR-colorization-BAH2026\output\geo\Atacama_Winter_native_geo.json
2026-09-09 20:36:00,119 - D:\chirag\IR-colorization-BAH2026\output - INFO - Running: python D:\chirag\IR-colorization-BAH2026\scripts\merge_rgb.py D:\chirag\IR-colorization-BAH2026\input\Atacama_Winter\SR_B4.tif D:\chirag\IR-colorization-BAH2026\input\Atacama_Winter\SR_B3.tif D:\chirag\IR-colorization-BAH2026\input\Atacama_Winter\SR_B2.tif D:\chirag\IR-colorization-BAH2026\output\rgb_images\Atacama_Winter_rgb_30m.tif
2026-09-09 20:36:33,992 - D:\chirag\IR-colorization-BAH2026\output - INFO - Running: python D:\chirag\IR-colorization-BAH2026\scripts\calibrate_tir.py D:\chirag\IR-colorization-BAH2026\input\Atacama_Winter\ST_B10.tif D:\chirag\IR-colorization-BAH2026\output\calibrated\Atacama_Winter_tir_kelvin.tif
2026-09-09 20:36:38,979 - D:\chirag\IR-colorization-BAH2026\output - INFO - Running: python D:\chirag\IR-colorization-BAH2026\scripts\downscale_qa.py D:\chirag\IR-colorization-BAH2026\input\Atacama_Winter\QA_PIXEL.tif D:\chirag\IR-colorization-BAH2026\input\Atacama_Winter\ST_B10.tif D:\chirag\IR-colorization-BAH2026\output\downscaled_data\Atacama_Winter_qainvalid_100m.tif 3.33
2026-09-09 20:36:40,431 - D:\chirag\IR-colorization-BAH2026\output - INFO - Running: python D:\chirag\IR-colorization-BAH2026\scripts\downscale_qa.py D:\chirag\IR-colorization-BAH2026\input\Atacama_Winter\QA_PIXEL.tif D:\chirag\IR-colorization-BAH2026\input\Atacama_Winter\ST_B10.tif D:\chirag\IR-colorization-BAH2026\output\downscaled_data\Atacama_Winter_qainvalid_200m.tif 6.67
2026-09-09 20:36:42,395 - D:\chirag\IR-colorization-BAH2026\output - INFO - Running: python D:\chirag\IR-colorization-BAH2026\scripts\downscale.py D:\chirag\IR-colorization-BAH2026\output\rgb_images\Atacama_Winter_rgb_30m.tif D:\chirag\IR-colorization-BAH2026\output\downscaled_data\Atacama_Winter_rgb_100m.tif 3.33
2026-09-09 20:36:45,288 - D:\chirag\IR-colorization-BAH2026\output - INFO - Running: python D:\chirag\IR-colorization-BAH2026\scripts\downscale.py D:\chirag\IR-colorization-BAH2026\output\calibrated\Atacama_Winter_tir_kelvin.tif D:\chirag\IR-colorization-BAH2026\output\downscaled_data\Atacama_Winter_tir_100m.tif 3.33
2026-09-09 20:36:46,489 - D:\chirag\IR-colorization-BAH2026\output - INFO - Running: python D:\chirag\IR-colorization-BAH2026\scripts\downscale.py D:\chirag\IR-colorization-BAH2026\output\calibrated\Atacama_Winter_tir_kelvin.tif D:\chirag\IR-colorization-BAH2026\output\downscaled_data\Atacama_Winter_tir_200m.tif 6.67 --mode psf_thermal
2026-09-09 20:36:48,494 - D:\chirag\IR-colorization-BAH2026\output - INFO - Running: python D:\chirag\IR-colorization-BAH2026\scripts\create_patches.py --input_dir D:\chirag\IR-colorization-BAH2026\output\downscaled_data --output_dir D:\chirag\IR-colorization-BAH2026\output\patches --geo_dir D:\chirag\IR-colorization-BAH2026\output\geo
2026-09-09 20:36:50,626 - D:\chirag\IR-colorization-BAH2026\output - WARNING - STDERR from create_patches.py:
2026-09-09 20:36:50,415 - create_patches - INFO - Found 1 products in D:\chirag\IR-colorization-BAH2026\output\downscaled_data
2026-09-09 20:36:50,533 - create_patches - INFO - Generating full dataset patches for Atacama_Winter...
2026-09-09 20:36:50,539 - create_patches - INFO - Successfully created 0 samples for Atacama_Winter (16 rejected for cloud/shadow/fill).

2026-09-09 20:36:50,627 - D:\chirag\IR-colorization-BAH2026\output - INFO - Successfully generated dataset samples for Atacama_Winter
2026-09-09 20:36:50,627 - D:\chirag\IR-colorization-BAH2026\output - INFO - Processing product: Ladakh_Summer
2026-09-09 20:36:50,673 - D:\chirag\IR-colorization-BAH2026\output - INFO - Saved native geo metadata for Ladakh_Summer to D:\chirag\IR-colorization-BAH2026\output\geo\Ladakh_Summer_native_geo.json
2026-09-09 20:36:50,673 - D:\chirag\IR-colorization-BAH2026\output - INFO - Running: python D:\chirag\IR-colorization-BAH2026\scripts\merge_rgb.py D:\chirag\IR-colorization-BAH2026\input\Ladakh_Summer\SR_B4.tif D:\chirag\IR-colorization-BAH2026\input\Ladakh_Summer\SR_B3.tif D:\chirag\IR-colorization-BAH2026\input\Ladakh_Summer\SR_B2.tif D:\chirag\IR-colorization-BAH2026\output\rgb_images\Ladakh_Summer_rgb_30m.tif
2026-09-09 20:37:34,223 - D:\chirag\IR-colorization-BAH2026\output - INFO - Running: python D:\chirag\IR-colorization-BAH2026\scripts\calibrate_tir.py D:\chirag\IR-colorization-BAH2026\input\Ladakh_Summer\ST_B10.tif D:\chirag\IR-colorization-BAH2026\output\calibrated\Ladakh_Summer_tir_kelvin.tif
2026-09-09 20:37:52,361 - D:\chirag\IR-colorization-BAH2026\output - INFO - Running: python D:\chirag\IR-colorization-BAH2026\scripts\downscale_qa.py D:\chirag\IR-colorization-BAH2026\input\Ladakh_Summer\QA_PIXEL.tif D:\chirag\IR-colorization-BAH2026\input\Ladakh_Summer\ST_B10.tif D:\chirag\IR-colorization-BAH2026\output\downscaled_data\Ladakh_Summer_qainvalid_100m.tif 3.33
2026-09-09 20:37:53,749 - D:\chirag\IR-colorization-BAH2026\output - INFO - Running: python D:\chirag\IR-colorization-BAH2026\scripts\downscale_qa.py D:\chirag\IR-colorization-BAH2026\input\Ladakh_Summer\QA_PIXEL.tif D:\chirag\IR-colorization-BAH2026\input\Ladakh_Summer\ST_B10.tif D:\chirag\IR-colorization-BAH2026\output\downscaled_data\Ladakh_Summer_qainvalid_200m.tif 6.67
2026-09-09 20:37:54,956 - D:\chirag\IR-colorization-BAH2026\output - INFO - Running: python D:\chirag\IR-colorization-BAH2026\scripts\downscale.py D:\chirag\IR-colorization-BAH2026\output\rgb_images\Ladakh_Summer_rgb_30m.tif D:\chirag\IR-colorization-BAH2026\output\downscaled_data\Ladakh_Summer_rgb_100m.tif 3.33
2026-09-09 20:37:57,182 - D:\chirag\IR-colorization-BAH2026\output - INFO - Running: python D:\chirag\IR-colorization-BAH2026\scripts\downscale.py D:\chirag\IR-colorization-BAH2026\output\calibrated\Ladakh_Summer_tir_kelvin.tif D:\chirag\IR-colorization-BAH2026\output\downscaled_data\Ladakh_Summer_tir_100m.tif 3.33
2026-09-09 20:38:00,425 - D:\chirag\IR-colorization-BAH2026\output - INFO - Running: python D:\chirag\IR-colorization-BAH2026\scripts\downscale.py D:\chirag\IR-colorization-BAH2026\output\calibrated\Ladakh_Summer_tir_kelvin.tif D:\chirag\IR-colorization-BAH2026\output\downscaled_data\Ladakh_Summer_tir_200m.tif 6.67 --mode psf_thermal
2026-09-09 20:38:02,075 - D:\chirag\IR-colorization-BAH2026\output - INFO - Running: python D:\chirag\IR-colorization-BAH2026\scripts\create_patches.py --input_dir D:\chirag\IR-colorization-BAH2026\output\downscaled_data --output_dir D:\chirag\IR-colorization-BAH2026\output\patches --geo_dir D:\chirag\IR-colorization-BAH2026\output\geo
2026-09-09 20:38:04,282 - D:\chirag\IR-colorization-BAH2026\output - WARNING - STDERR from create_patches.py:
2026-09-09 20:38:03,376 - create_patches - INFO - Found 2 products in D:\chirag\IR-colorization-BAH2026\output\downscaled_data
2026-09-09 20:38:03,429 - create_patches - INFO - Generating full dataset patches for Ladakh_Summer...
2026-09-09 20:38:03,433 - create_patches - INFO - Successfully created 0 samples for Ladakh_Summer (16 rejected for cloud/shadow/fill).
2026-09-09 20:38:04,153 - create_patches - INFO - Generating full dataset patches for Atacama_Winter...
2026-09-09 20:38:04,162 - create_patches - INFO - Successfully created 0 samples for Atacama_Winter (16 rejected for cloud/shadow/fill).

2026-09-09 20:38:04,283 - D:\chirag\IR-colorization-BAH2026\output - INFO - Successfully generated dataset samples for Ladakh_Summer
2026-09-09 20:38:04,283 - D:\chirag\IR-colorization-BAH2026\output - INFO - Processing product: NewYorkCity_Winter
2026-09-09 20:38:04,284 - D:\chirag\IR-colorization-BAH2026\output - WARNING - Skipping NewYorkCity_Winter: Missing required bands.
2026-09-09 20:38:04,285 - D:\chirag\IR-colorization-BAH2026\output - INFO - Dataset generation finished. Samples available in output/patches
2026-09-09 20:42:54,709 - D:\chirag\IR-colorization-BAH2026\output - INFO - Processing product: Atacama_Winter
2026-09-09 20:42:54,825 - D:\chirag\IR-colorization-BAH2026\output - INFO - Saved native geo metadata for Atacama_Winter to D:\chirag\IR-colorization-BAH2026\output\geo\Atacama_Winter_native_geo.json
2026-09-09 20:42:54,825 - D:\chirag\IR-colorization-BAH2026\output - INFO - Running: python D:\chirag\IR-colorization-BAH2026\scripts\merge_rgb.py D:\chirag\IR-colorization-BAH2026\input\Atacama_Winter\SR_B4.tif D:\chirag\IR-colorization-BAH2026\input\Atacama_Winter\SR_B3.tif D:\chirag\IR-colorization-BAH2026\input\Atacama_Winter\SR_B2.tif D:\chirag\IR-colorization-BAH2026\output\rgb_images\Atacama_Winter_rgb_30m.tif
2026-09-09 20:43:15,632 - D:\chirag\IR-colorization-BAH2026\output - INFO - Running: python D:\chirag\IR-colorization-BAH2026\scripts\calibrate_tir.py D:\chirag\IR-colorization-BAH2026\input\Atacama_Winter\ST_B10.tif D:\chirag\IR-colorization-BAH2026\output\calibrated\Atacama_Winter_tir_kelvin.tif
2026-09-09 20:43:39,029 - D:\chirag\IR-colorization-BAH2026\output - INFO - Running: python D:\chirag\IR-colorization-BAH2026\scripts\downscale_qa.py D:\chirag\IR-colorization-BAH2026\input\Atacama_Winter\QA_PIXEL.tif D:\chirag\IR-colorization-BAH2026\input\Atacama_Winter\ST_B10.tif D:\chirag\IR-colorization-BAH2026\output\downscaled_data\Atacama_Winter_qainvalid_100m.tif 3.33
2026-09-09 20:43:41,514 - D:\chirag\IR-colorization-BAH2026\output - INFO - Running: python D:\chirag\IR-colorization-BAH2026\scripts\downscale_qa.py D:\chirag\IR-colorization-BAH2026\input\Atacama_Winter\QA_PIXEL.tif D:\chirag\IR-colorization-BAH2026\input\Atacama_Winter\ST_B10.tif D:\chirag\IR-colorization-BAH2026\output\downscaled_data\Atacama_Winter_qainvalid_200m.tif 6.67
2026-09-09 20:43:44,024 - D:\chirag\IR-colorization-BAH2026\output - INFO - Running: python D:\chirag\IR-colorization-BAH2026\scripts\downscale.py D:\chirag\IR-colorization-BAH2026\output\rgb_images\Atacama_Winter_rgb_30m.tif D:\chirag\IR-colorization-BAH2026\output\downscaled_data\Atacama_Winter_rgb_100m.tif 3.33
2026-09-09 20:43:51,309 - D:\chirag\IR-colorization-BAH2026\output - INFO - Running: python D:\chirag\IR-colorization-BAH2026\scripts\downscale.py D:\chirag\IR-colorization-BAH2026\output\calibrated\Atacama_Winter_tir_kelvin.tif D:\chirag\IR-colorization-BAH2026\output\downscaled_data\Atacama_Winter_tir_100m.tif 3.33
2026-09-09 20:43:55,779 - D:\chirag\IR-colorization-BAH2026\output - INFO - Running: python D:\chirag\IR-colorization-BAH2026\scripts\downscale.py D:\chirag\IR-colorization-BAH2026\output\calibrated\Atacama_Winter_tir_kelvin.tif D:\chirag\IR-colorization-BAH2026\output\downscaled_data\Atacama_Winter_tir_200m.tif 6.67 --mode psf_thermal
2026-09-09 20:43:57,883 - D:\chirag\IR-colorization-BAH2026\output - INFO - Running: python D:\chirag\IR-colorization-BAH2026\scripts\create_patches.py --input_dir D:\chirag\IR-colorization-BAH2026\output\downscaled_data --output_dir D:\chirag\IR-colorization-BAH2026\output\patches --geo_dir D:\chirag\IR-colorization-BAH2026\output\geo
2026-09-09 20:44:00,416 - D:\chirag\IR-colorization-BAH2026\output - WARNING - STDERR from create_patches.py:
2026-09-09 20:43:59,553 - create_patches - INFO - Found 1 products in D:\chirag\IR-colorization-BAH2026\output\downscaled_data
2026-09-09 20:43:59,792 - create_patches - INFO - Generating full dataset patches for Atacama_Winter...
2026-09-09 20:44:00,322 - create_patches - INFO - Successfully created 0 samples for Atacama_Winter (16 rejected for cloud/shadow/fill).

2026-09-09 20:44:00,417 - D:\chirag\IR-colorization-BAH2026\output - INFO - Successfully generated dataset samples for Atacama_Winter
2026-09-09 20:44:00,417 - D:\chirag\IR-colorization-BAH2026\output - INFO - Processing product: Ladakh_Summer
2026-09-09 20:44:00,535 - D:\chirag\IR-colorization-BAH2026\output - INFO - Saved native geo metadata for Ladakh_Summer to D:\chirag\IR-colorization-BAH2026\output\geo\Ladakh_Summer_native_geo.json
2026-09-09 20:44:00,536 - D:\chirag\IR-colorization-BAH2026\output - INFO - Running: python D:\chirag\IR-colorization-BAH2026\scripts\merge_rgb.py D:\chirag\IR-colorization-BAH2026\input\Ladakh_Summer\SR_B4.tif D:\chirag\IR-colorization-BAH2026\input\Ladakh_Summer\SR_B3.tif D:\chirag\IR-colorization-BAH2026\input\Ladakh_Summer\SR_B2.tif D:\chirag\IR-colorization-BAH2026\output\rgb_images\Ladakh_Summer_rgb_30m.tif
2026-09-09 20:44:41,288 - D:\chirag\IR-colorization-BAH2026\output - INFO - Running: python D:\chirag\IR-colorization-BAH2026\scripts\calibrate_tir.py D:\chirag\IR-colorization-BAH2026\input\Ladakh_Summer\ST_B10.tif D:\chirag\IR-colorization-BAH2026\output\calibrated\Ladakh_Summer_tir_kelvin.tif
2026-09-09 20:44:49,912 - D:\chirag\IR-colorization-BAH2026\output - INFO - Running: python D:\chirag\IR-colorization-BAH2026\scripts\downscale_qa.py D:\chirag\IR-colorization-BAH2026\input\Ladakh_Summer\QA_PIXEL.tif D:\chirag\IR-colorization-BAH2026\input\Ladakh_Summer\ST_B10.tif D:\chirag\IR-colorization-BAH2026\output\downscaled_data\Ladakh_Summer_qainvalid_100m.tif 3.33
2026-09-09 20:44:51,489 - D:\chirag\IR-colorization-BAH2026\output - INFO - Running: python D:\chirag\IR-colorization-BAH2026\scripts\downscale_qa.py D:\chirag\IR-colorization-BAH2026\input\Ladakh_Summer\QA_PIXEL.tif D:\chirag\IR-colorization-BAH2026\input\Ladakh_Summer\ST_B10.tif D:\chirag\IR-colorization-BAH2026\output\downscaled_data\Ladakh_Summer_qainvalid_200m.tif 6.67
2026-09-09 20:44:52,501 - D:\chirag\IR-colorization-BAH2026\output - INFO - Running: python D:\chirag\IR-colorization-BAH2026\scripts\downscale.py D:\chirag\IR-colorization-BAH2026\output\rgb_images\Ladakh_Summer_rgb_30m.tif D:\chirag\IR-colorization-BAH2026\output\downscaled_data\Ladakh_Summer_rgb_100m.tif 3.33
2026-09-09 20:45:02,436 - D:\chirag\IR-colorization-BAH2026\output - INFO - Running: python D:\chirag\IR-colorization-BAH2026\scripts\downscale.py D:\chirag\IR-colorization-BAH2026\output\calibrated\Ladakh_Summer_tir_kelvin.tif D:\chirag\IR-colorization-BAH2026\output\downscaled_data\Ladakh_Summer_tir_100m.tif 3.33
2026-09-09 20:45:04,657 - D:\chirag\IR-colorization-BAH2026\output - INFO - Running: python D:\chirag\IR-colorization-BAH2026\scripts\downscale.py D:\chirag\IR-colorization-BAH2026\output\calibrated\Ladakh_Summer_tir_kelvin.tif D:\chirag\IR-colorization-BAH2026\output\downscaled_data\Ladakh_Summer_tir_200m.tif 6.67 --mode psf_thermal
2026-09-09 20:45:06,034 - D:\chirag\IR-colorization-BAH2026\output - INFO - Running: python D:\chirag\IR-colorization-BAH2026\scripts\create_patches.py --input_dir D:\chirag\IR-colorization-BAH2026\output\downscaled_data --output_dir D:\chirag\IR-colorization-BAH2026\output\patches --geo_dir D:\chirag\IR-colorization-BAH2026\output\geo
2026-09-09 20:45:10,697 - D:\chirag\IR-colorization-BAH2026\output - WARNING - STDERR from create_patches.py:
2026-09-09 20:45:07,724 - create_patches - INFO - Found 2 products in D:\chirag\IR-colorization-BAH2026\output\downscaled_data
2026-09-09 20:45:08,124 - create_patches - INFO - Generating full dataset patches for Ladakh_Summer...
2026-09-09 20:45:08,662 - create_patches - INFO - Successfully created 0 samples for Ladakh_Summer (16 rejected for cloud/shadow/fill).
2026-09-09 20:45:10,554 - create_patches - INFO - Generating full dataset patches for Atacama_Winter...
2026-09-09 20:45:10,570 - create_patches - INFO - Successfully created 0 samples for Atacama_Winter (16 rejected for cloud/shadow/fill).

2026-09-09 20:45:10,698 - D:\chirag\IR-colorization-BAH2026\output - INFO - Successfully generated dataset samples for Ladakh_Summer
2026-09-09 20:45:10,699 - D:\chirag\IR-colorization-BAH2026\output - INFO - Processing product: NewYorkCity_Winter
2026-09-09 20:45:10,705 - D:\chirag\IR-colorization-BAH2026\output - WARNING - Skipping NewYorkCity_Winter: Missing required bands.
2026-09-09 20:45:10,706 - D:\chirag\IR-colorization-BAH2026\output - INFO - Dataset generation finished. Samples available in output/patches
2026-09-09 20:52:01,978 - D:\chirag\IR-colorization-BAH2026\output - INFO - Processing product: Ladakh_Summer
2026-09-09 20:52:02,050 - D:\chirag\IR-colorization-BAH2026\output - INFO - Saved native geo metadata for Ladakh_Summer to D:\chirag\IR-colorization-BAH2026\output\geo\Ladakh_Summer_native_geo.json
2026-09-09 20:52:02,050 - D:\chirag\IR-colorization-BAH2026\output - INFO - Running: python D:\chirag\IR-colorization-BAH2026\scripts\merge_rgb.py D:\chirag\IR-colorization-BAH2026\input\Ladakh_Summer\SR_B4.tif D:\chirag\IR-colorization-BAH2026\input\Ladakh_Summer\SR_B3.tif D:\chirag\IR-colorization-BAH2026\input\Ladakh_Summer\SR_B2.tif D:\chirag\IR-colorization-BAH2026\output\rgb_images\Ladakh_Summer_rgb_30m.tif
2026-09-09 20:52:21,534 - D:\chirag\IR-colorization-BAH2026\output - INFO - Running: python D:\chirag\IR-colorization-BAH2026\scripts\calibrate_tir.py D:\chirag\IR-colorization-BAH2026\input\Ladakh_Summer\ST_B10.tif D:\chirag\IR-colorization-BAH2026\output\calibrated\Ladakh_Summer_tir_kelvin.tif
2026-09-09 20:52:33,965 - D:\chirag\IR-colorization-BAH2026\output - INFO - Running: python D:\chirag\IR-colorization-BAH2026\scripts\downscale_qa.py D:\chirag\IR-colorization-BAH2026\input\Ladakh_Summer\QA_PIXEL.tif D:\chirag\IR-colorization-BAH2026\input\Ladakh_Summer\ST_B10.tif D:\chirag\IR-colorization-BAH2026\output\downscaled_data\Ladakh_Summer_qainvalid_100m.tif 3.33
2026-09-09 20:52:35,034 - D:\chirag\IR-colorization-BAH2026\output - INFO - Running: python D:\chirag\IR-colorization-BAH2026\scripts\downscale_qa.py D:\chirag\IR-colorization-BAH2026\input\Ladakh_Summer\QA_PIXEL.tif D:\chirag\IR-colorization-BAH2026\input\Ladakh_Summer\ST_B10.tif D:\chirag\IR-colorization-BAH2026\output\downscaled_data\Ladakh_Summer_qainvalid_200m.tif 6.67
2026-09-09 20:52:35,944 - D:\chirag\IR-colorization-BAH2026\output - INFO - Running: python D:\chirag\IR-colorization-BAH2026\scripts\downscale.py D:\chirag\IR-colorization-BAH2026\output\rgb_images\Ladakh_Summer_rgb_30m.tif D:\chirag\IR-colorization-BAH2026\output\downscaled_data\Ladakh_Summer_rgb_100m.tif 3.33
2026-09-09 20:52:43,313 - D:\chirag\IR-colorization-BAH2026\output - INFO - Running: python D:\chirag\IR-colorization-BAH2026\scripts\downscale.py D:\chirag\IR-colorization-BAH2026\output\calibrated\Ladakh_Summer_tir_kelvin.tif D:\chirag\IR-colorization-BAH2026\output\downscaled_data\Ladakh_Summer_tir_100m.tif 3.33
2026-09-09 20:52:44,074 - D:\chirag\IR-colorization-BAH2026\output - INFO - Running: python D:\chirag\IR-colorization-BAH2026\scripts\downscale.py D:\chirag\IR-colorization-BAH2026\output\calibrated\Ladakh_Summer_tir_kelvin.tif D:\chirag\IR-colorization-BAH2026\output\downscaled_data\Ladakh_Summer_tir_200m.tif 6.67 --mode psf_thermal
2026-09-09 20:52:44,944 - D:\chirag\IR-colorization-BAH2026\output - INFO - Running: python D:\chirag\IR-colorization-BAH2026\scripts\create_patches.py --input_dir D:\chirag\IR-colorization-BAH2026\output\downscaled_data --output_dir D:\chirag\IR-colorization-BAH2026\output\patches --geo_dir D:\chirag\IR-colorization-BAH2026\output\geo
2026-09-09 20:52:46,152 - D:\chirag\IR-colorization-BAH2026\output - WARNING - STDERR from create_patches.py:
2026-09-09 20:52:45,985 - create_patches - INFO - Found 1 products in D:\chirag\IR-colorization-BAH2026\output\downscaled_data
2026-09-09 20:52:46,054 - create_patches - INFO - Generating full dataset patches for Ladakh_Summer...
2026-09-09 20:52:46,060 - create_patches - INFO - Successfully created 0 samples for Ladakh_Summer (16 rejected for cloud/shadow/fill).

2026-09-09 20:52:46,155 - D:\chirag\IR-colorization-BAH2026\output - INFO - Successfully generated dataset samples for Ladakh_Summer
2026-09-09 20:52:46,156 - D:\chirag\IR-colorization-BAH2026\output - INFO - Processing product: Mumbai_Summer
2026-09-09 20:52:46,279 - D:\chirag\IR-colorization-BAH2026\output - INFO - Saved native geo metadata for Mumbai_Summer to D:\chirag\IR-colorization-BAH2026\output\geo\Mumbai_Summer_native_geo.json
2026-09-09 20:52:46,279 - D:\chirag\IR-colorization-BAH2026\output - INFO - Running: python D:\chirag\IR-colorization-BAH2026\scripts\merge_rgb.py D:\chirag\IR-colorization-BAH2026\input\Mumbai_Summer\SR_B4.tif D:\chirag\IR-colorization-BAH2026\input\Mumbai_Summer\SR_B3.tif D:\chirag\IR-colorization-BAH2026\input\Mumbai_Summer\SR_B2.tif D:\chirag\IR-colorization-BAH2026\output\rgb_images\Mumbai_Summer_rgb_30m.tif
2026-09-09 20:53:16,963 - D:\chirag\IR-colorization-BAH2026\output - INFO - Running: python D:\chirag\IR-colorization-BAH2026\scripts\calibrate_tir.py D:\chirag\IR-colorization-BAH2026\input\Mumbai_Summer\ST_B10.tif D:\chirag\IR-colorization-BAH2026\output\calibrated\Mumbai_Summer_tir_kelvin.tif
2026-09-09 20:53:34,978 - D:\chirag\IR-colorization-BAH2026\output - INFO - Running: python D:\chirag\IR-colorization-BAH2026\scripts\downscale_qa.py D:\chirag\IR-colorization-BAH2026\input\Mumbai_Summer\QA_PIXEL.tif D:\chirag\IR-colorization-BAH2026\input\Mumbai_Summer\ST_B10.tif D:\chirag\IR-colorization-BAH2026\output\downscaled_data\Mumbai_Summer_qainvalid_100m.tif 3.33
2026-09-09 20:53:37,559 - D:\chirag\IR-colorization-BAH2026\output - INFO - Running: python D:\chirag\IR-colorization-BAH2026\scripts\downscale_qa.py D:\chirag\IR-colorization-BAH2026\input\Mumbai_Summer\QA_PIXEL.tif D:\chirag\IR-colorization-BAH2026\input\Mumbai_Summer\ST_B10.tif D:\chirag\IR-colorization-BAH2026\output\downscaled_data\Mumbai_Summer_qainvalid_200m.tif 6.67
2026-09-09 20:53:38,826 - D:\chirag\IR-colorization-BAH2026\output - INFO - Running: python D:\chirag\IR-colorization-BAH2026\scripts\downscale.py D:\chirag\IR-colorization-BAH2026\output\rgb_images\Mumbai_Summer_rgb_30m.tif D:\chirag\IR-colorization-BAH2026\output\downscaled_data\Mumbai_Summer_rgb_100m.tif 3.33
2026-09-09 20:53:49,176 - D:\chirag\IR-colorization-BAH2026\output - INFO - Running: python D:\chirag\IR-colorization-BAH2026\scripts\downscale.py D:\chirag\IR-colorization-BAH2026\output\calibrated\Mumbai_Summer_tir_kelvin.tif D:\chirag\IR-colorization-BAH2026\output\downscaled_data\Mumbai_Summer_tir_100m.tif 3.33
2026-09-09 20:53:59,531 - D:\chirag\IR-colorization-BAH2026\output - INFO - Running: python D:\chirag\IR-colorization-BAH2026\scripts\downscale.py D:\chirag\IR-colorization-BAH2026\output\calibrated\Mumbai_Summer_tir_kelvin.tif D:\chirag\IR-colorization-BAH2026\output\downscaled_data\Mumbai_Summer_tir_200m.tif 6.67 --mode psf_thermal
2026-09-09 20:54:02,702 - D:\chirag\IR-colorization-BAH2026\output - INFO - Running: python D:\chirag\IR-colorization-BAH2026\scripts\create_patches.py --input_dir D:\chirag\IR-colorization-BAH2026\output\downscaled_data --output_dir D:\chirag\IR-colorization-BAH2026\output\patches --geo_dir D:\chirag\IR-colorization-BAH2026\output\geo
2026-09-09 20:54:05,735 - D:\chirag\IR-colorization-BAH2026\output - WARNING - STDERR from create_patches.py:
2026-09-09 20:54:04,028 - create_patches - INFO - Found 2 products in D:\chirag\IR-colorization-BAH2026\output\downscaled_data
2026-09-09 20:54:04,088 - create_patches - INFO - Generating full dataset patches for Mumbai_Summer...
2026-09-09 20:54:05,198 - create_patches - INFO - Successfully created 8 samples for Mumbai_Summer (8 rejected for cloud/shadow/fill).
2026-09-09 20:54:05,483 - create_patches - INFO - Generating full dataset patches for Ladakh_Summer...
2026-09-09 20:54:05,492 - create_patches - INFO - Successfully created 0 samples for Ladakh_Summer (16 rejected for cloud/shadow/fill).

2026-09-09 20:54:05,747 - D:\chirag\IR-colorization-BAH2026\output - INFO - Successfully generated dataset samples for Mumbai_Summer
2026-09-09 20:54:05,750 - D:\chirag\IR-colorization-BAH2026\output - INFO - Processing product: NewYorkCity_Winter
2026-09-09 20:54:05,751 - D:\chirag\IR-colorization-BAH2026\output - WARNING - Skipping NewYorkCity_Winter: Missing required bands.
2026-09-09 20:54:05,752 - D:\chirag\IR-colorization-BAH2026\output - INFO - Dataset generation finished. Samples available in output/patches
2026-09-09 21:35:19,151 - D:\chirag\IR-colorization-BAH2026\output - INFO - Processing product: Ladakh_Summer
2026-09-09 21:35:19,547 - D:\chirag\IR-colorization-BAH2026\output - INFO - Saved native geo metadata for Ladakh_Summer to D:\chirag\IR-colorization-BAH2026\output\geo\Ladakh_Summer_native_geo.json
2026-09-09 21:35:19,549 - D:\chirag\IR-colorization-BAH2026\output - INFO - Running: python D:\chirag\IR-colorization-BAH2026\scripts\merge_rgb.py D:\chirag\IR-colorization-BAH2026\input\Ladakh_Summer\SR_B4.tif D:\chirag\IR-colorization-BAH2026\input\Ladakh_Summer\SR_B3.tif D:\chirag\IR-colorization-BAH2026\input\Ladakh_Summer\SR_B2.tif D:\chirag\IR-colorization-BAH2026\output\rgb_images\Ladakh_Summer_rgb_30m.tif
2026-09-09 21:35:43,544 - D:\chirag\IR-colorization-BAH2026\output - INFO - Running: python D:\chirag\IR-colorization-BAH2026\scripts\calibrate_tir.py D:\chirag\IR-colorization-BAH2026\input\Ladakh_Summer\ST_B10.tif D:\chirag\IR-colorization-BAH2026\output\calibrated\Ladakh_Summer_tir_kelvin.tif
2026-09-09 21:35:48,075 - D:\chirag\IR-colorization-BAH2026\output - INFO - Running: python D:\chirag\IR-colorization-BAH2026\scripts\downscale_qa.py D:\chirag\IR-colorization-BAH2026\input\Ladakh_Summer\QA_PIXEL.tif D:\chirag\IR-colorization-BAH2026\input\Ladakh_Summer\ST_B10.tif D:\chirag\IR-colorization-BAH2026\output\downscaled_data\Ladakh_Summer_qainvalid_100m.tif 3.33
2026-09-09 21:35:49,163 - D:\chirag\IR-colorization-BAH2026\output - INFO - Running: python D:\chirag\IR-colorization-BAH2026\scripts\downscale_qa.py D:\chirag\IR-colorization-BAH2026\input\Ladakh_Summer\QA_PIXEL.tif D:\chirag\IR-colorization-BAH2026\input\Ladakh_Summer\ST_B10.tif D:\chirag\IR-colorization-BAH2026\output\downscaled_data\Ladakh_Summer_qainvalid_200m.tif 6.67
2026-09-09 21:35:50,550 - D:\chirag\IR-colorization-BAH2026\output - INFO - Running: python D:\chirag\IR-colorization-BAH2026\scripts\downscale.py D:\chirag\IR-colorization-BAH2026\output\rgb_images\Ladakh_Summer_rgb_30m.tif D:\chirag\IR-colorization-BAH2026\output\downscaled_data\Ladakh_Summer_rgb_100m.tif 3.33
2026-09-09 21:35:55,183 - D:\chirag\IR-colorization-BAH2026\output - INFO - Running: python D:\chirag\IR-colorization-BAH2026\scripts\downscale.py D:\chirag\IR-colorization-BAH2026\output\calibrated\Ladakh_Summer_tir_kelvin.tif D:\chirag\IR-colorization-BAH2026\output\downscaled_data\Ladakh_Summer_tir_100m.tif 3.33
2026-09-09 21:35:56,767 - D:\chirag\IR-colorization-BAH2026\output - INFO - Running: python D:\chirag\IR-colorization-BAH2026\scripts\downscale.py D:\chirag\IR-colorization-BAH2026\output\calibrated\Ladakh_Summer_tir_kelvin.tif D:\chirag\IR-colorization-BAH2026\output\downscaled_data\Ladakh_Summer_tir_200m.tif 6.67 --mode psf_thermal
2026-09-09 21:35:57,922 - D:\chirag\IR-colorization-BAH2026\output - INFO - Running: python D:\chirag\IR-colorization-BAH2026\scripts\create_patches.py --input_dir D:\chirag\IR-colorization-BAH2026\output\downscaled_data --output_dir D:\chirag\IR-colorization-BAH2026\output\patches --geo_dir D:\chirag\IR-colorization-BAH2026\output\geo
2026-09-09 21:35:59,188 - D:\chirag\IR-colorization-BAH2026\output - WARNING - STDERR from create_patches.py:
2026-09-09 21:35:58,611 - create_patches - INFO - Found 1 products in D:\chirag\IR-colorization-BAH2026\output\downscaled_data
2026-09-09 21:35:58,699 - create_patches - INFO - Generating full dataset patches for Ladakh_Summer...
2026-09-09 21:35:59,091 - create_patches - INFO - Successfully created 3 samples for Ladakh_Summer (53 rejected for cloud/shadow/fill).

2026-09-09 21:35:59,189 - D:\chirag\IR-colorization-BAH2026\output - INFO - Successfully generated dataset samples for Ladakh_Summer
2026-09-09 21:35:59,190 - D:\chirag\IR-colorization-BAH2026\output - INFO - Processing product: NewYorkCity_Winter
2026-09-09 21:35:59,249 - D:\chirag\IR-colorization-BAH2026\output - INFO - Saved native geo metadata for NewYorkCity_Winter to D:\chirag\IR-colorization-BAH2026\output\geo\NewYorkCity_Winter_native_geo.json
2026-09-09 21:35:59,250 - D:\chirag\IR-colorization-BAH2026\output - INFO - Running: python D:\chirag\IR-colorization-BAH2026\scripts\merge_rgb.py D:\chirag\IR-colorization-BAH2026\input\NewYorkCity_Winter\SR_B4.tif D:\chirag\IR-colorization-BAH2026\input\NewYorkCity_Winter\SR_B3.tif D:\chirag\IR-colorization-BAH2026\input\NewYorkCity_Winter\SR_B2.tif D:\chirag\IR-colorization-BAH2026\output\rgb_images\NewYorkCity_Winter_rgb_30m.tif
2026-09-09 21:36:21,764 - D:\chirag\IR-colorization-BAH2026\output - INFO - Running: python D:\chirag\IR-colorization-BAH2026\scripts\calibrate_tir.py D:\chirag\IR-colorization-BAH2026\input\NewYorkCity_Winter\ST_B10.tif D:\chirag\IR-colorization-BAH2026\output\calibrated\NewYorkCity_Winter_tir_kelvin.tif
2026-09-09 21:36:26,446 - D:\chirag\IR-colorization-BAH2026\output - INFO - Running: python D:\chirag\IR-colorization-BAH2026\scripts\downscale_qa.py D:\chirag\IR-colorization-BAH2026\input\NewYorkCity_Winter\QA_PIXEL.tif D:\chirag\IR-colorization-BAH2026\input\NewYorkCity_Winter\ST_B10.tif D:\chirag\IR-colorization-BAH2026\output\downscaled_data\NewYorkCity_Winter_qainvalid_100m.tif 3.33
2026-09-09 21:36:27,523 - D:\chirag\IR-colorization-BAH2026\output - INFO - Running: python D:\chirag\IR-colorization-BAH2026\scripts\downscale_qa.py D:\chirag\IR-colorization-BAH2026\input\NewYorkCity_Winter\QA_PIXEL.tif D:\chirag\IR-colorization-BAH2026\input\NewYorkCity_Winter\ST_B10.tif D:\chirag\IR-colorization-BAH2026\output\downscaled_data\NewYorkCity_Winter_qainvalid_200m.tif 6.67
2026-09-09 21:36:28,743 - D:\chirag\IR-colorization-BAH2026\output - INFO - Running: python D:\chirag\IR-colorization-BAH2026\scripts\downscale.py D:\chirag\IR-colorization-BAH2026\output\rgb_images\NewYorkCity_Winter_rgb_30m.tif D:\chirag\IR-colorization-BAH2026\output\downscaled_data\NewYorkCity_Winter_rgb_100m.tif 3.33
2026-09-09 21:36:32,661 - D:\chirag\IR-colorization-BAH2026\output - INFO - Running: python D:\chirag\IR-colorization-BAH2026\scripts\downscale.py D:\chirag\IR-colorization-BAH2026\output\calibrated\NewYorkCity_Winter_tir_kelvin.tif D:\chirag\IR-colorization-BAH2026\output\downscaled_data\NewYorkCity_Winter_tir_100m.tif 3.33
2026-09-09 21:36:34,161 - D:\chirag\IR-colorization-BAH2026\output - INFO - Running: python D:\chirag\IR-colorization-BAH2026\scripts\downscale.py D:\chirag\IR-colorization-BAH2026\output\calibrated\NewYorkCity_Winter_tir_kelvin.tif D:\chirag\IR-colorization-BAH2026\output\downscaled_data\NewYorkCity_Winter_tir_200m.tif 6.67 --mode psf_thermal
2026-09-09 21:36:35,799 - D:\chirag\IR-colorization-BAH2026\output - INFO - Running: python D:\chirag\IR-colorization-BAH2026\scripts\create_patches.py --input_dir D:\chirag\IR-colorization-BAH2026\output\downscaled_data --output_dir D:\chirag\IR-colorization-BAH2026\output\patches --geo_dir D:\chirag\IR-colorization-BAH2026\output\geo
2026-09-09 21:36:40,722 - D:\chirag\IR-colorization-BAH2026\output - WARNING - STDERR from create_patches.py:
2026-09-09 21:36:36,460 - create_patches - INFO - Found 2 products in D:\chirag\IR-colorization-BAH2026\output\downscaled_data
2026-09-09 21:36:36,536 - create_patches - INFO - Generating full dataset patches for NewYorkCity_Winter...
2026-09-09 21:36:38,757 - create_patches - INFO - Successfully created 19 samples for NewYorkCity_Winter (37 rejected for cloud/shadow/fill).
2026-09-09 21:36:39,582 - create_patches - INFO - Generating full dataset patches for Ladakh_Summer...
2026-09-09 21:36:40,494 - create_patches - INFO - Successfully created 3 samples for Ladakh_Summer (53 rejected for cloud/shadow/fill).

2026-09-09 21:36:40,723 - D:\chirag\IR-colorization-BAH2026\output - INFO - Successfully generated dataset samples for NewYorkCity_Winter
2026-09-09 21:36:40,724 - D:\chirag\IR-colorization-BAH2026\output - INFO - Dataset generation finished. Samples available in output/patches
2026-09-09 21:57:29,454 - D:\chirag\IR-colorization-BAH2026\output - INFO - Processing product: Atacama_Winter
2026-09-09 21:57:29,770 - D:\chirag\IR-colorization-BAH2026\output - INFO - Saved native geo metadata for Atacama_Winter to D:\chirag\IR-colorization-BAH2026\output\geo\Atacama_Winter_native_geo.json
2026-09-09 21:57:29,771 - D:\chirag\IR-colorization-BAH2026\output - INFO - Running: python D:\chirag\IR-colorization-BAH2026\scripts\merge_rgb.py D:\chirag\IR-colorization-BAH2026\input\Atacama_Winter\SR_B4.tif D:\chirag\IR-colorization-BAH2026\input\Atacama_Winter\SR_B3.tif D:\chirag\IR-colorization-BAH2026\input\Atacama_Winter\SR_B2.tif D:\chirag\IR-colorization-BAH2026\output\rgb_images\Atacama_Winter_rgb_30m.tif
2026-09-09 21:58:11,094 - D:\chirag\IR-colorization-BAH2026\output - INFO - Running: python D:\chirag\IR-colorization-BAH2026\scripts\calibrate_tir.py D:\chirag\IR-colorization-BAH2026\input\Atacama_Winter\ST_B10.tif D:\chirag\IR-colorization-BAH2026\output\calibrated\Atacama_Winter_tir_kelvin.tif
2026-09-09 21:58:15,680 - D:\chirag\IR-colorization-BAH2026\output - INFO - Running: python D:\chirag\IR-colorization-BAH2026\scripts\downscale_qa.py D:\chirag\IR-colorization-BAH2026\input\Atacama_Winter\QA_PIXEL.tif D:\chirag\IR-colorization-BAH2026\input\Atacama_Winter\ST_B10.tif D:\chirag\IR-colorization-BAH2026\output\downscaled_data\Atacama_Winter_qainvalid_100m.tif 3.33
2026-09-09 21:58:17,144 - D:\chirag\IR-colorization-BAH2026\output - INFO - Running: python D:\chirag\IR-colorization-BAH2026\scripts\downscale_qa.py D:\chirag\IR-colorization-BAH2026\input\Atacama_Winter\QA_PIXEL.tif D:\chirag\IR-colorization-BAH2026\input\Atacama_Winter\ST_B10.tif D:\chirag\IR-colorization-BAH2026\output\downscaled_data\Atacama_Winter_qainvalid_200m.tif 6.67
2026-09-09 21:58:18,958 - D:\chirag\IR-colorization-BAH2026\output - INFO - Running: python D:\chirag\IR-colorization-BAH2026\scripts\downscale.py D:\chirag\IR-colorization-BAH2026\output\rgb_images\Atacama_Winter_rgb_30m.tif D:\chirag\IR-colorization-BAH2026\output\downscaled_data\Atacama_Winter_rgb_100m.tif 3.33
2026-09-09 21:58:22,984 - D:\chirag\IR-colorization-BAH2026\output - INFO - Running: python D:\chirag\IR-colorization-BAH2026\scripts\downscale.py D:\chirag\IR-colorization-BAH2026\output\calibrated\Atacama_Winter_tir_kelvin.tif D:\chirag\IR-colorization-BAH2026\output\downscaled_data\Atacama_Winter_tir_100m.tif 3.33
2026-09-09 21:58:25,138 - D:\chirag\IR-colorization-BAH2026\output - INFO - Running: python D:\chirag\IR-colorization-BAH2026\scripts\downscale.py D:\chirag\IR-colorization-BAH2026\output\calibrated\Atacama_Winter_tir_kelvin.tif D:\chirag\IR-colorization-BAH2026\output\downscaled_data\Atacama_Winter_tir_200m.tif 6.67 --mode psf_thermal
2026-09-09 21:58:27,561 - D:\chirag\IR-colorization-BAH2026\output - INFO - Running: python D:\chirag\IR-colorization-BAH2026\scripts\create_patches.py --input_dir D:\chirag\IR-colorization-BAH2026\output\downscaled_data --output_dir D:\chirag\IR-colorization-BAH2026\output\patches --geo_dir D:\chirag\IR-colorization-BAH2026\output\geo
2026-09-09 21:58:30,911 - D:\chirag\IR-colorization-BAH2026\output - WARNING - STDERR from create_patches.py:
2026-09-09 21:58:29,771 - create_patches - INFO - Found 1 products in D:\chirag\IR-colorization-BAH2026\output\downscaled_data
2026-09-09 21:58:29,981 - create_patches - INFO - Generating full dataset patches for Atacama_Winter...
2026-09-09 21:58:30,747 - create_patches - INFO - Successfully created 3 samples for Atacama_Winter (61 rejected for cloud/shadow/fill).

2026-09-09 21:58:30,911 - D:\chirag\IR-colorization-BAH2026\output - INFO - Successfully generated dataset samples for Atacama_Winter
2026-09-09 21:58:30,912 - D:\chirag\IR-colorization-BAH2026\output - INFO - Processing product: Ladakh_Summer
2026-09-09 21:58:31,015 - D:\chirag\IR-colorization-BAH2026\output - INFO - Saved native geo metadata for Ladakh_Summer to D:\chirag\IR-colorization-BAH2026\output\geo\Ladakh_Summer_native_geo.json
2026-09-09 21:58:31,015 - D:\chirag\IR-colorization-BAH2026\output - INFO - Running: python D:\chirag\IR-colorization-BAH2026\scripts\merge_rgb.py D:\chirag\IR-colorization-BAH2026\input\Ladakh_Summer\SR_B4.tif D:\chirag\IR-colorization-BAH2026\input\Ladakh_Summer\SR_B3.tif D:\chirag\IR-colorization-BAH2026\input\Ladakh_Summer\SR_B2.tif D:\chirag\IR-colorization-BAH2026\output\rgb_images\Ladakh_Summer_rgb_30m.tif
2026-09-09 21:59:06,595 - D:\chirag\IR-colorization-BAH2026\output - INFO - Running: python D:\chirag\IR-colorization-BAH2026\scripts\calibrate_tir.py D:\chirag\IR-colorization-BAH2026\input\Ladakh_Summer\ST_B10.tif D:\chirag\IR-colorization-BAH2026\output\calibrated\Ladakh_Summer_tir_kelvin.tif
2026-09-09 21:59:16,417 - D:\chirag\IR-colorization-BAH2026\output - INFO - Running: python D:\chirag\IR-colorization-BAH2026\scripts\downscale_qa.py D:\chirag\IR-colorization-BAH2026\input\Ladakh_Summer\QA_PIXEL.tif D:\chirag\IR-colorization-BAH2026\input\Ladakh_Summer\ST_B10.tif D:\chirag\IR-colorization-BAH2026\output\downscaled_data\Ladakh_Summer_qainvalid_100m.tif 3.33
2026-09-09 21:59:17,955 - D:\chirag\IR-colorization-BAH2026\output - INFO - Running: python D:\chirag\IR-colorization-BAH2026\scripts\downscale_qa.py D:\chirag\IR-colorization-BAH2026\input\Ladakh_Summer\QA_PIXEL.tif D:\chirag\IR-colorization-BAH2026\input\Ladakh_Summer\ST_B10.tif D:\chirag\IR-colorization-BAH2026\output\downscaled_data\Ladakh_Summer_qainvalid_200m.tif 6.67
2026-09-09 21:59:19,135 - D:\chirag\IR-colorization-BAH2026\output - INFO - Running: python D:\chirag\IR-colorization-BAH2026\scripts\downscale.py D:\chirag\IR-colorization-BAH2026\output\rgb_images\Ladakh_Summer_rgb_30m.tif D:\chirag\IR-colorization-BAH2026\output\downscaled_data\Ladakh_Summer_rgb_100m.tif 3.33
2026-09-09 21:59:22,773 - D:\chirag\IR-colorization-BAH2026\output - INFO - Running: python D:\chirag\IR-colorization-BAH2026\scripts\downscale.py D:\chirag\IR-colorization-BAH2026\output\calibrated\Ladakh_Summer_tir_kelvin.tif D:\chirag\IR-colorization-BAH2026\output\downscaled_data\Ladakh_Summer_tir_100m.tif 3.33
2026-09-09 21:59:24,175 - D:\chirag\IR-colorization-BAH2026\output - INFO - Running: python D:\chirag\IR-colorization-BAH2026\scripts\downscale.py D:\chirag\IR-colorization-BAH2026\output\calibrated\Ladakh_Summer_tir_kelvin.tif D:\chirag\IR-colorization-BAH2026\output\downscaled_data\Ladakh_Summer_tir_200m.tif 6.67 --mode psf_thermal
2026-09-09 21:59:25,905 - D:\chirag\IR-colorization-BAH2026\output - INFO - Running: python D:\chirag\IR-colorization-BAH2026\scripts\create_patches.py --input_dir D:\chirag\IR-colorization-BAH2026\output\downscaled_data --output_dir D:\chirag\IR-colorization-BAH2026\output\patches --geo_dir D:\chirag\IR-colorization-BAH2026\output\geo
2026-09-09 21:59:30,908 - D:\chirag\IR-colorization-BAH2026\output - WARNING - STDERR from create_patches.py:
2026-09-09 21:59:27,774 - create_patches - INFO - Found 2 products in D:\chirag\IR-colorization-BAH2026\output\downscaled_data
2026-09-09 21:59:28,322 - create_patches - INFO - Generating full dataset patches for Ladakh_Summer...
2026-09-09 21:59:29,031 - create_patches - INFO - Successfully created 3 samples for Ladakh_Summer (53 rejected for cloud/shadow/fill).
2026-09-09 21:59:29,864 - create_patches - INFO - Generating full dataset patches for Atacama_Winter...
2026-09-09 21:59:30,690 - create_patches - INFO - Successfully created 3 samples for Atacama_Winter (61 rejected for cloud/shadow/fill).

2026-09-09 21:59:30,912 - D:\chirag\IR-colorization-BAH2026\output - INFO - Successfully generated dataset samples for Ladakh_Summer
2026-09-09 21:59:30,914 - D:\chirag\IR-colorization-BAH2026\output - INFO - Processing product: Punjab_Growing
2026-09-09 21:59:30,921 - D:\chirag\IR-colorization-BAH2026\output - WARNING - Skipping Punjab_Growing: Missing required bands.
2026-09-09 21:59:30,922 - D:\chirag\IR-colorization-BAH2026\output - INFO - Dataset generation finished. Samples available in output/patches
2026-09-10 13:00:49,301 - D:\chirag\IR-colorization-BAH2026\output - INFO - Processing product: Ladakh_Summer
2026-09-10 13:00:49,792 - D:\chirag\IR-colorization-BAH2026\output - INFO - Saved native geo metadata for Ladakh_Summer to D:\chirag\IR-colorization-BAH2026\output\geo\Ladakh_Summer_native_geo.json
2026-09-10 13:00:49,805 - D:\chirag\IR-colorization-BAH2026\output - INFO - Running: python D:\chirag\IR-colorization-BAH2026\scripts\merge_rgb.py D:\chirag\IR-colorization-BAH2026\input\Ladakh_Summer\SR_B4.tif D:\chirag\IR-colorization-BAH2026\input\Ladakh_Summer\SR_B3.tif D:\chirag\IR-colorization-BAH2026\input\Ladakh_Summer\SR_B2.tif D:\chirag\IR-colorization-BAH2026\output\rgb_images\Ladakh_Summer_rgb_30m.tif
